kind,fraction,laneM
checkpoint,0.0,0.0
checkpoint,0.2,0.0
checkpoint,0.4,0.0
checkpoint,0.6,0.0
checkpoint,0.8,0.0
grid,-0.0032495829409082888,-3.3
grid,-0.0032495829409082888,3.3
grid,-0.008530155219884258,-3.3
grid,-0.008530155219884258,3.3
grid,-0.013810727498860228,-3.3
grid,-0.013810727498860228,3.3
ammo,0.24,-3.0
cash,0.68,3.0
repair,0.04583333333333334,-5.2
repair,0.04583333333333334,5.2
repair,0.12916666666666668,-5.2
repair,0.12916666666666668,5.2
repair,0.2125,-5.2
repair,0.2125,5.2
repair,0.29583333333333334,-5.2
repair,0.29583333333333334,5.2
repair,0.37916666666666665,-5.2
repair,0.37916666666666665,5.2
repair,0.4592504170590917,-5.2
repair,0.4592504170590917,5.2
repair,0.5458333333333333,-5.2
repair,0.5458333333333333,5.2
repair,0.6291666666666667,-5.2
repair,0.6291666666666667,5.2
repair,0.7125,-5.2
repair,0.7125,5.2
repair,0.8218299968605997,-5.2
repair,0.8218299968605997,5.2
repair,0.8791666666666668,-5.2
repair,0.8791666666666668,5.2
repair,0.9625,-5.2
repair,0.9625,5.2
