xM,yM,halfWidthM,surface,aiLaneM
41.8372990247058,-5.559973730941956,9.9975,Asphalt,0.0
50.75315665565659,-6.744847883253546,9.9975,Asphalt,0.0
59.674157828686496,-7.886254228597504,9.9975,Asphalt,0.0
68.65712699138707,-8.135919519484595,9.9975,Asphalt,0.0
77.58932603880224,-7.15172467735441,9.9975,Asphalt,0.0
86.300666028334,-4.945317357404553,9.9975,Asphalt,0.0
94.62581681319841,-1.562365026586818,9.9975,Asphalt,0.0
102.40687077819913,2.9332840445091453,9.9975,Asphalt,0.0
109.49380213941978,8.458514564168016,9.9975,Asphalt,0.0
115.75624742985069,14.903496940073472,9.9975,Asphalt,0.0
121.06765322297079,22.15212349017624,9.9975,Asphalt,0.0
125.33797896090586,30.059149995803356,9.9975,Asphalt,0.0
128.4711471766089,38.48163827656041,9.9975,Asphalt,0.0
130.4264526988869,47.252877377931135,9.9975,Asphalt,0.0
131.51819223444667,56.18028440466322,8.662585213318867,Asphalt,0.0
133.62625551769364,64.89563384761735,8.602500000000001,Asphalt,0.0
137.93337774009566,72.7584744537832,8.602500000000001,Asphalt,0.0
144.157498935531,79.21026074557,8.602500000000001,Asphalt,0.0
151.85374721214694,83.80859433233265,8.602500000000001,Asphalt,0.0
160.49001590999188,86.21341120774434,8.602500000000001,Asphalt,0.0
169.45522625454663,86.28035974146992,8.602500000000001,Asphalt,0.0
178.37172952184537,85.10119762105273,8.653032508086346,Asphalt,0.0
187.2875871527961,83.91632346874115,8.796382716701563,Asphalt,0.0
196.20344478374693,82.73144931642956,9.01827710667116,Asphalt,0.0
205.1193024146977,81.54657516411797,9.301250074553415,Asphalt,0.0
214.0351600456485,80.36170101180639,9.629848636975279,Asphalt,0.0
222.9510176765993,79.1768268594948,9.987641166106737,Asphalt,0.0
231.86687530755006,77.9919527071832,10.358544996019141,Asphalt,0.0
240.78273293850083,76.80707855487161,10.726353888381972,Asphalt,0.0
249.69859056945162,75.62220440256003,11.075164080823189,Asphalt,0.0
258.6144482004024,74.43733025024844,11.388186138399563,Asphalt,0.0
267.53030583135325,73.25245609793684,11.650089913148145,Asphalt,0.0
276.446163462304,72.06758194562525,11.843935813179948,Asphalt,0.0
285.3620210932548,70.88270779331367,11.954123194048735,Asphalt,0.0
294.2447124596803,69.50404104054519,11.973750000000003,Asphalt,0.0
302.61152299686773,66.28212667356992,11.973750000000003,Asphalt,0.0
309.8696999049214,61.01765165565012,11.973750000000003,Asphalt,0.0
315.51218401905777,54.04982763619826,11.973750000000003,Asphalt,0.0
319.180492976193,45.86798393103584,11.973750000000003,Asphalt,0.0
320.5926124710919,37.0135934410084,11.973750000000003,Asphalt,0.0
319.91810993517345,28.056646217215473,10.90450126689365,Asphalt,0.0
319.08818562227265,19.10434312237373,9.9975,Asphalt,0.0
319.36188908589793,10.121742834880802,9.9975,Asphalt,0.0
320.8239996518111,1.2545064268835724,9.9975,Asphalt,0.0
323.4586123987571,-7.33747372211905,9.9975,Asphalt,0.0
327.20457968375854,-15.506598007730014,9.9975,Asphalt,0.0
332.01336639032894,-23.09879019394198,9.9975,Asphalt,0.0
337.7800228591759,-29.9917129063237,9.9975,Asphalt,0.0
344.42083176756665,-36.04704015588722,9.9975,Asphalt,0.0
351.80202211833296,-41.17362780833663,9.9975,Asphalt,0.0
359.8031396975208,-45.26606242420362,9.9975,Asphalt,0.0
368.2755175848784,-48.26290499069239,9.9975,Asphalt,0.0
377.0719632274438,-50.103502934171004,9.9975,Asphalt,0.0
385.98676528245073,-51.29576539332478,9.9975,Asphalt,0.0
394.90840065177514,-52.43172422199239,9.9975,Asphalt,0.0
403.8906507473965,-52.75305961504972,9.9975,Asphalt,0.0
412.84346490517174,-51.96015003950158,9.9975,Asphalt,0.0
421.631881182664,-50.07631556005018,9.9975,Asphalt,0.0
430.1176496697043,-47.113936542077894,9.9975,Asphalt,0.0
438.1781504548374,-43.137361046286856,9.9975,Asphalt,0.0
445.6806355113431,-38.187791519557386,9.9975,Asphalt,0.0
452.52099439175464,-32.357564831154306,9.9975,Asphalt,0.0
458.5861258693759,-25.724434155400733,9.9975,Asphalt,0.0
464.02471662461556,-18.56153642263999,10.040168057023402,Asphalt,0.0
469.4226329566206,-11.367167560476108,10.219054238778243,Asphalt,0.0
474.8205492886256,-4.172798698312199,10.500808394611624,Asphalt,0.0
480.2184656206306,3.0215701638516186,10.841742832749388,Asphalt,0.0
485.6163819526356,10.215939026015532,11.199900180392921,Asphalt,0.0
491.0142982846406,17.410307888179382,11.53240559829183,Asphalt,0.0
496.41221461664554,24.60467675034326,11.797474066895575,Asphalt,0.0
501.81013094865057,31.79904561250713,11.950679570971552,Asphalt,0.0
507.0953742895935,39.074139016879926,11.973750000000003,Asphalt,0.0
511.5543892432526,46.87775815724105,11.973750000000003,Asphalt,0.0
514.9914344667035,55.18212691960576,11.973750000000003,Asphalt,0.0
517.3606373135353,63.852041689575515,11.973750000000003,Asphalt,0.0
518.6069563568426,72.7529527162264,11.973750000000003,Asphalt,0.0
518.7304615464084,81.73974635587105,11.973750000000003,Asphalt,0.0
517.7121485894972,90.66963121900558,11.973750000000003,Asphalt,0.0
515.5796470538891,99.40048246192015,11.973750000000003,Asphalt,0.0
512.3637876735355,107.79319602032777,11.973750000000003,Asphalt,0.0
508.11134603326036,115.71109758352263,11.973750000000003,Asphalt,0.0
502.90161883275516,123.03502786501952,11.973750000000003,Asphalt,0.0
496.80046597384757,129.63479632876158,11.973750000000003,Asphalt,0.0
490.2286754900517,135.77533443493613,9.748850967002811,Asphalt,0.0
483.5063480630662,141.74220361936412,8.602500000000001,Asphalt,0.0
475.63980514041697,146.04216529385698,8.602500000000001,Asphalt,0.0
466.9166077072548,148.10421233122617,8.602500000000001,Asphalt,0.0
457.95749667986865,147.77384103279394,8.602500000000001,Asphalt,0.0
449.4156972367205,145.05288833873058,8.602500000000001,Asphalt,0.0
441.72992149666777,140.40184064650376,8.615235040209292,Asphalt,0.0
434.2164277528892,135.45776785027607,8.711115823130463,Asphalt,0.0
426.70293400911055,130.51369505404833,8.879970518495217,Asphalt,0.0
419.189440265332,125.56962225782064,9.096672992525932,Asphalt,0.0
411.6759465215533,120.6255494615929,9.335198601411138,Asphalt,0.0
404.1624527777748,115.68147666536521,9.569972186161316,Asphalt,0.0
396.6489590339961,110.73740386913745,9.775436114513388,Asphalt,0.0
389.13546529021744,105.79333107290972,9.925530229592948,Asphalt,0.0
381.6219715464389,100.84925827668201,9.995199883358293,Asphalt,0.0
373.74209972501586,96.55564816568874,9.9975,Asphalt,0.0
365.06293708377643,94.29773212832751,9.9975,Asphalt,0.0
356.09399220849997,94.23975367566094,9.9975,Asphalt,0.0
347.3930932646584,96.4178188728952,9.9975,Asphalt,0.0
339.4964620260007,100.66840318486102,9.9975,Asphalt,0.0
332.742404588756,106.59092252422698,9.9975,Asphalt,0.0
326.24058272805894,112.80564347886066,9.9975,Asphalt,0.0
319.7387608673619,119.02036443349427,9.9975,Asphalt,0.0
313.52832818192553,125.50848926828311,9.9975,Asphalt,0.0
309.0668406547985,133.28320396501624,9.9975,Asphalt,0.0
306.86607779841887,141.97319912841553,9.9975,Asphalt,0.0
307.06199145592154,150.9344836954863,9.9975,Asphalt,0.0
309.6551833837062,159.5153805400493,9.9975,Asphalt,0.0
314.4519204297146,167.08725060577814,9.9975,Asphalt,0.0
321.0970648281623,173.10389555061695,9.9975,Asphalt,0.0
328.97062108852015,177.43471212634046,9.9975,Asphalt,0.0
336.9435315208019,181.5954467731014,9.9975,Asphalt,0.0
344.48579967861883,186.4847752140988,9.9975,Asphalt,0.0
351.39659757422146,192.23227061416108,9.9975,Asphalt,0.0
357.58366009514134,198.7523588275088,9.9975,Asphalt,0.0
362.9560220784522,205.9586427384111,9.9975,Asphalt,0.0
367.4435758642555,213.74665335573948,9.9975,Asphalt,0.0
370.9786152019172,222.01080913247412,9.9975,Asphalt,0.0
373.51693323359916,230.63334642516668,9.9975,Asphalt,0.0
375.0179812852881,239.49560369316737,9.9975,Asphalt,0.0
375.4658096096026,248.47283160899835,9.9975,Asphalt,0.0
374.84935729343005,257.44014522994445,9.9975,Asphalt,0.0
373.4513549870261,266.3245068518007,9.9975,Asphalt,0.0
372.0046692072908,275.2016428937295,9.9975,Asphalt,0.0
370.55798342755565,284.07877893565825,9.9975,Asphalt,0.0
369.25891891484815,292.9763812125317,9.9975,Asphalt,0.0
369.025965676882,301.95982260869505,9.9975,Asphalt,0.0
370.03097117344237,310.889682277114,9.9975,Asphalt,0.0
372.2509366873178,319.5976492050065,9.9975,Asphalt,0.0
375.65396587064185,327.91472207992786,9.9975,Asphalt,0.0
380.1594195825911,335.69031082036645,9.9975,Asphalt,0.0
385.7024482078866,342.7637385286219,9.9975,Asphalt,0.0
392.1574701217953,349.0157659732197,9.9975,Asphalt,0.0
399.4163220136255,354.3135349047824,9.9975,Asphalt,0.0
407.3107689263091,358.61179163043204,9.640581831268761,Asphalt,0.0
415.2578279299654,362.81115151211844,8.602500000000001,Asphalt,0.0
422.0629856644643,368.64978130002794,8.602500000000001,Asphalt,0.0
427.1362161792358,376.04209993876253,8.602500000000001,Asphalt,0.0
430.10135278175824,384.5037916925726,8.602500000000001,Asphalt,0.0
430.77702422275587,393.4435718807467,8.602500000000001,Asphalt,0.0
429.1048706815104,402.2522954285035,8.602500000000001,Asphalt,0.0
425.2005427482798,410.32275412122044,8.602500000000001,Asphalt,0.0
419.3408621197804,417.10922959220215,8.602500000000001,Asphalt,0.0
412.29593942383235,422.69813406525384,8.695263725530788,Asphalt,0.0
405.20240919569204,428.2278965334488,9.049165721993374,Asphalt,0.0
398.1088789675516,433.75765900164384,9.591040669481103,Asphalt,0.0
391.01534873941125,439.28742146983893,10.228761089827266,Asphalt,0.0
383.92181851127094,444.8171839380339,10.874646540861812,Asphalt,0.0
376.82828828313063,450.34694640622894,11.43987874564333,Asphalt,0.0
369.73475805499044,455.8767088744238,11.834968153920698,Asphalt,0.0
362.6318003770521,461.39391450049817,11.973750000000003,Asphalt,0.0
354.8550104984697,465.8618747336296,11.973750000000003,Asphalt,0.0
346.2098333786689,468.24790111636423,11.973750000000003,Asphalt,0.0
337.24334625871785,468.4324799540582,11.973750000000003,Asphalt,0.0
328.51387213619995,466.3740013457339,11.973750000000003,Asphalt,0.0
320.56577094322284,462.22084423575467,11.973750000000003,Asphalt,0.0
313.88982724374745,456.2313989826291,11.973750000000003,Asphalt,0.0
308.92107067184435,448.7651167144914,11.973750000000003,Asphalt,0.0
305.9431064626811,440.3056767097405,11.973750000000003,Asphalt,0.0
304.764659890408,431.39383861517024,11.0807674594606,Asphalt,0.0
303.644218060917,422.4731554984085,9.9975,Asphalt,0.0
300.8062014075784,413.96774228415484,9.9975,Asphalt,0.0
295.8918459012909,406.46639797127335,9.9975,Asphalt,0.0
289.21879318115367,400.47644883071547,9.9975,Asphalt,0.0
281.2439377020235,396.37838938115794,9.9975,Asphalt,0.0
272.4939813569959,394.3903769315399,9.9975,Asphalt,0.0
263.58980073132784,393.1207268074204,9.9975,Asphalt,0.0
254.68562010566006,391.8510766833009,9.9975,Asphalt,0.0
245.78143947999186,390.5814265591814,9.9975,Asphalt,0.0
236.8772588543239,389.3117764350619,9.9975,Asphalt,0.0
227.97307822865577,388.04212631094236,9.9975,Asphalt,0.0
219.06889760298782,386.77247618682287,9.9975,Asphalt,0.0
210.16471697731964,385.5028260627034,9.9975,Asphalt,0.0
201.2605363516517,384.2331759385838,9.9975,Asphalt,0.0
192.35635572598332,382.9635258144643,9.9975,Asphalt,0.0
183.66525970364003,380.7489235731421,9.9975,Asphalt,0.0
175.84809881894128,376.3578097672403,9.9975,Asphalt,0.0
169.43520972663106,370.09280663298125,9.9975,Asphalt,0.0
164.87877853047283,362.37103069305493,9.9975,Asphalt,0.0
162.48723381831252,353.73078556894114,9.9975,Asphalt,0.0
161.57715914270597,344.7834067612365,9.9975,Asphalt,0.0
160.70803750517666,335.83125218083654,9.9975,Asphalt,0.0
159.83891586764727,326.87909760043647,9.9975,Asphalt,0.0
158.29750200524626,318.03792259034054,9.9975,Asphalt,0.0
154.69285048642936,309.8255555696345,9.9975,Asphalt,0.0
149.1519212084927,302.7729357134072,9.9975,Asphalt,0.0
142.0466438475017,297.30105469124464,9.9975,Asphalt,0.0
133.80443205912184,293.7650732096544,9.9975,Asphalt,0.0
124.94445791273435,292.3778152136564,9.9975,Asphalt,0.0
116.0156321086631,293.22267847430317,9.9975,Asphalt,0.0
107.45536836041528,295.9594944605021,9.992140270495828,Asphalt,0.0
98.97060084203513,298.94364663678965,9.95613864159404,Asphalt,0.0
90.48583332365497,301.9277988130771,9.889727915548153,Asphalt,0.0
82.0010658052748,304.9119509893646,9.798440261900387,Asphalt,0.0
73.51629828689474,307.896103165652,9.68703619958902,Asphalt,0.0
65.03153076851447,310.8802553419395,9.56094841280742,Asphalt,0.0
56.54676325013431,313.86440751822704,9.425068648161524,Asphalt,0.0
48.06199573175415,316.8485596945145,9.284666619858239,Asphalt,0.0
39.577228213374106,319.8327118708019,9.144828786808768,Asphalt,0.0
31.09246069499405,322.8168640470893,9.010610401492038,Asphalt,0.0
22.607693176613886,325.80101622337685,8.887320141073848,Asphalt,0.0
14.122925658233724,328.78516839966426,8.779803283200645,Asphalt,0.0
5.63815813985369,331.7693205759517,8.693546236499865,Asphalt,0.0
-2.8466093785261575,334.7534727522391,8.633248540001143,Asphalt,0.0
-11.331376896906324,337.7376249285266,8.604510598629915,Asphalt,0.0
-19.895614146157058,340.4735778819385,8.602500000000001,Asphalt,0.0
-28.714538719686544,342.2103068542929,8.602500000000001,Asphalt,0.0
-37.67759815916271,342.88266007685604,8.602500000000001,Asphalt,0.0
-46.65624662331028,342.4661374171473,8.602500000000001,Asphalt,0.0
-55.52101041728041,340.98141645612213,8.602500000000001,Asphalt,0.0
-64.1412657087334,338.43567881588416,8.602500000000001,Asphalt,0.0
-72.3961125848167,334.8795744999046,8.602500000000001,Asphalt,0.0
-80.16053912058109,330.3515258153606,8.602500000000001,Asphalt,0.0
-87.32904893771624,324.9292767829697,8.602500000000001,Asphalt,0.0
-93.78959734171414,318.6802110626564,8.602500000000001,Asphalt,0.0
-99.55556473363282,311.78022838392667,8.848594732168333,Asphalt,0.0
-105.20128228338588,304.7786344653524,10.344665323027439,Asphalt,0.0
-110.84699983313851,297.77704054677866,11.784446546513932,Asphalt,0.0
-116.33171627565535,290.6523698795072,11.973750000000003,Asphalt,0.0
-120.9720824222132,282.9552217595717,11.973750000000003,Asphalt,0.0
-124.6196952173674,274.7407841970248,11.973750000000003,Asphalt,0.0
-127.21640661716357,266.1363456358768,11.973750000000003,Asphalt,0.0
-128.72828419597224,257.27650346086944,11.973750000000003,Asphalt,0.0
-129.12061982023337,248.29726273406598,11.973750000000003,Asphalt,0.0
-128.40358115818992,239.33792484103765,11.973750000000003,Asphalt,0.0
-126.56720570448097,230.53956891370672,11.973750000000003,Asphalt,0.0
-123.6622973088786,222.03405326203807,11.973750000000003,Asphalt,0.0
-119.71385874665457,213.95982420871482,11.973750000000003,Asphalt,0.0
-114.79931545569158,206.4347110779038,11.973750000000003,Asphalt,0.0
-108.98374909343741,199.58186502950375,11.973750000000003,Asphalt,0.0
-102.36374904712052,193.50282980891697,11.973750000000003,Asphalt,0.0
-95.03940330927587,188.29360444241016,11.973750000000003,Asphalt,0.0
-87.12363900797988,184.0368469766507,11.973750000000003,Asphalt,0.0
-78.89331352878816,180.40978843112907,11.973750000000003,Asphalt,0.0
-70.6556156862394,176.79914052430257,11.973750000000003,Asphalt,0.0
-62.41791784369075,173.18849261747613,11.973750000000003,Asphalt,0.0
-54.18022000114226,169.57784471064974,11.973750000000003,Asphalt,0.0
-45.942522158593775,165.96719680382338,11.973750000000003,Asphalt,0.0
-37.70482431604528,162.35654889699703,11.973750000000003,Asphalt,0.0
-29.467126473496375,158.74590099017047,11.973750000000003,Asphalt,0.0
-21.229428630947886,155.1352530833441,11.973750000000003,Asphalt,0.0
-13.094233788691364,151.30681633707647,11.973750000000003,Asphalt,0.0
-5.444424089261584,146.58728184802135,11.973750000000003,Asphalt,0.0
1.5963583519864522,140.99996655090516,11.973750000000003,Asphalt,0.0
7.919988376476461,134.61214862664278,11.973750000000003,Asphalt,0.0
13.44378098067018,127.52150199799858,11.973750000000003,Asphalt,0.0
18.085776949772512,119.82449036033401,11.973750000000003,Asphalt,0.0
21.780764518945094,111.63080207189384,11.973750000000003,Asphalt,0.0
24.48018882289385,103.05726702034448,11.973750000000003,Asphalt,0.0
26.13777232611528,94.22308079759392,11.973750000000003,Asphalt,0.0
26.74286779319532,85.25495867687808,11.973750000000003,Asphalt,0.0
26.269435423169327,76.27897286532308,11.973750000000003,Asphalt,0.0
24.744567847968423,67.4207543423378,11.973750000000003,Asphalt,0.0
22.16836577239134,58.80931146733357,11.973750000000003,Asphalt,0.0
19.004708213631037,50.38992245977505,11.243671247111388,Asphalt,0.0
15.830738909959885,41.97432010988031,10.10401279039223,Asphalt,0.0
13.239999896406792,33.381352609814314,9.9975,Asphalt,0.0
12.900449373767298,24.422551207837,9.9975,Asphalt,0.0
14.961115676036956,15.698079739261752,9.9975,Asphalt,0.0
19.24738933880021,7.824755135449198,9.9975,Asphalt,0.0
25.476927467226247,1.3774323716955221,9.9975,Asphalt,0.0
33.19122228471478,-3.1878522698420473,9.9975,Asphalt,0.0
41.8372990247058,-5.559973730941956,9.9975,Asphalt,0.0
