event,number,act,fieldTarget,ratioTarget,rewardScale,rivalGrant,fieldTier,ratioBasis,ratioLow,ratioHigh
scrap-1,1,0,367,0.89,1.6,0,0,lap-field,0.80,1.15
scrap-2,2,0,370,0.95,1.6,40,0,lap-field,0.80,1.15
scrap-3,3,0,374,0.98,1.6,40,0,lap-field,0.80,1.15
scrap-4,4,0,380,1.0,1.6,40,0,lap-field,0.80,1.15
scrap-5,5,0,390,0.98,1.6,40,0,lap-field,0.80,1.15
scrap-6,6,0,405,0.96,1.6,40,0,lap-field,0.80,1.15
scrap-7,7,0,505,0.89,1.6,900,1,lap-field,0.85,0.90
foundry-1,8,1,505,0.89,2.2,350,1,lap-field,0.80,1.15
foundry-2,9,1,520,0.95,2.2,40,1,lap-field,0.80,1.15
foundry-3,10,1,535,0.98,2.2,40,1,lap-field,0.80,1.15
foundry-4,11,1,550,1.0,2.2,40,1,lap-field,0.80,1.15
foundry-5,12,1,570,0.98,2.2,40,1,lap-field,0.80,1.15
foundry-6,13,1,590,0.96,2.2,40,1,lap-field,0.80,1.15
foundry-7,14,1,620,0.89,2.2,1100,2,lap-field,0.85,0.90
salt-1,15,2,620,0.89,2.2,500,2,lap-field,0.80,1.15
salt-2,16,2,625,0.95,2.2,40,2,lap-field,0.80,1.15
salt-3,17,2,630,0.98,2.2,40,2,lap-field,0.80,1.15
salt-4,18,2,635,1.0,2.2,40,2,lap-field,0.80,1.15
salt-5,19,2,640,0.98,2.2,40,2,lap-field,0.80,1.15
salt-6,20,2,645,0.96,2.2,40,2,lap-field,0.80,1.15
salt-7,21,2,655,0.98,2.2,1300,3,lap-field,0.93,1.03
switchback-1,22,3,655.0,0.98,2.4,650,3,lap-field,0.80,1.15
switchback-2,23,3,660,0.99,2.4,40,3,lap-field,0.80,1.15
switchback-3,24,3,665,1.00,2.4,40,3,lap-field,0.80,1.15
switchback-4,25,3,665,1.01,2.4,40,3,lap-field,0.80,1.15
switchback-5,26,3,665,0.98,2.4,40,3,lap-field,0.80,1.15
switchback-6,27,3,665,1.00,2.4,40,3,lap-field,0.80,1.15
switchback-7,28,3,665,0.98,2.4,1500,4,lap-field,0.93,1.03
crown-1,29,4,665,0.98,2.6,800,4,lap-field,0.80,1.15
crown-2,30,4,665,0.99,2.6,40,4,lap-field,0.80,1.15
crown-3,31,4,665,1.00,2.6,40,4,lap-field,0.80,1.15
crown-4,32,4,665,1.01,2.6,40,4,lap-field,0.80,1.15
crown-5,33,4,665,0.98,2.6,40,4,lap-field,0.80,1.15
crown-6,34,4,665,1.00,2.6,40,4,lap-field,0.80,1.15
crown-7,35,4,635,0.525,2.6,1700,4,supplied-rig,0.50,0.55
