event,car,tier,combinations,maximumLegalPR,parts
7,Needle,0,729,485.491661691,2:2:1:2:2:2
7,Line,0,729,496.056100362,2:2:2:2:2:1
7,Bastion,1,729,576.4275042559999,2:2:2:0:2:0
7,Trail,1,729,525.1170677700001,2:0:2:2:2:1
14,Needle,0,3072,549.452281802,3:2:1:3:3:2
14,Line,0,3072,560.1169183129999,3:2:3:3:3:1
14,Bastion,1,3072,608.21545221,3:2:3:0:3:0
14,Comet,2,3072,645.7696373729999,3:2:3:3:3:1
14,Trail,1,3072,573.130410947,3:0:3:3:3:1
14,Flint,2,3072,627.988826627,3:0:2:3:3:1
21,Needle,0,3072,549.452281802,3:2:1:3:3:2
21,Line,0,3072,560.1169183129999,3:2:3:3:3:1
21,Bastion,1,3072,608.21545221,3:2:3:0:3:0
21,Comet,2,3072,645.7696373729999,3:2:3:3:3:1
21,Trail,1,3072,573.130410947,3:0:3:3:3:1
21,Flint,2,3072,627.988826627,3:0:2:3:3:1
21,Quill,3,3072,664.1318104420001,3:0:1:3:3:1
21,Vandal,3,3072,651.2660318020002,3:0:3:2:3:0
28,Needle,0,3072,549.452281802,3:2:1:3:3:2
28,Line,0,3072,560.1169183129999,3:2:3:3:3:1
28,Bastion,1,3072,608.21545221,3:2:3:0:3:0
28,Comet,2,3072,645.7696373729999,3:2:3:3:3:1
28,Trail,1,3072,573.130410947,3:0:3:3:3:1
28,Flint,2,3072,627.988826627,3:0:2:3:3:1
28,Quill,3,3072,664.1318104420001,3:0:1:3:3:1
28,Vandal,3,3072,651.2660318020002,3:0:3:2:3:0
28,Kestrel,4,3072,651.136491194,2:0:0:3:3:0
28,Bulwark,4,3072,671.07714709,1:0:3:0:3:0
