event,candidate,sourceBase,theme,role,tier,laps,budgetSeconds
scrap-1,scrap-1-c,foundry,industrial,opening,0,2,240.0
scrap-2,scrap-2-a,slagway,industrial,mid,0,2,300.0
scrap-2,scrap-2-c,slagway,industrial,mid,0,2,300.0
salt-1,salt-1-b,saltline,desert,opening,2,2,240.0
salt-5,salt-5-a,redline,desert,mid,2,2,300.0
switchback-1,switchback-1-a,frostline,alpine,opening,3,2,240.0
switchback-2,switchback-2-c,highpass,alpine,mid,3,2,300.0
scrap-3,scrap-3-c,scree,quarry,mid,0,2,300.0
scrap-4,scrap-4-b,sluice,wetland,mid,0,2,300.0
scrap-4,scrap-4-c,sluice,wetland,mid,0,2,300.0
scrap-5,scrap-5-a,switchback,quarry,mid,0,2,300.0
scrap-5,scrap-5-c,switchback,quarry,mid,0,2,300.0
scrap-6,scrap-6-b,slagway-final,industrial,final,0,3,420.0
foundry-1,foundry-1-c,ballast,quarry,opening,1,2,240.0
foundry-3,foundry-3-b,reedcut,wetland,mid,1,2,300.0
foundry-5,foundry-5-a,railcut,industrial,mid,1,2,300.0
foundry-6,foundry-6-b,ballast,quarry,final,1,3,420.0
foundry-7,foundry-7-b,cutface,quarry,boss,2,3,420.0
salt-6,salt-6-a,mirage-final,desert,final,2,3,420.0
salt-7,salt-7-b,sunspike,desert,boss,3,3,420.0
switchback-5,switchback-5-a,spillway,wetland,mid,3,2,300.0
switchback-6,switchback-6-c,frostline-final,alpine,final,3,3,420.0
switchback-7,switchback-7-c,summit,alpine,boss,4,3,480.0
crown-1,crown-1-a,lowwater,wetland,opening,4,2,240.0
crown-2,crown-2-a,crown,industrial,mid,4,2,300.0
crown-3,crown-3-a,lowwater,wetland,mid,4,2,300.0
crown-4,crown-4-a,haulroad,quarry,mid,4,2,300.0
foundry-4,foundry-4-c,ridge,alpine,mid,1,2,360.0
salt-4,salt-4-c,mirage,desert,mid,2,2,300.0
switchback-3,switchback-3-c,summit,alpine,mid,3,2,300.0
crown-5,crown-5-c,sunspike,desert,mid,4,2,300.0
crown-6,crown-6-a,lowwater,wetland,final,4,3,480.0
crown-7,crown-7-a,crown,industrial,arena,4,2,600.0
foundry-2,foundry-2-b,ballast,quarry,mid,1,2,360.0
salt-2,salt-2-c,dustwake,desert,mid,2,2,300.0
salt-3,salt-3-a,cutface,quarry,mid,2,2,300.0
switchback-4,switchback-4-runoff,runoff,wetland,accepted,3,6,unchanged
scrap-7,scrap-7-e,crucible,industrial,boss,1,3,420.0
