candidate,slot,base,role,tier,laps,minSeconds,maxSeconds,family,seed,scale,referenceSeconds
scrap-1-c,scrap-1,foundry,opening,0,2,120.0,180.0,double-hook,931052,1.01057898606188,150.0166666666782
scrap-2-a,scrap-2,slagway,mid,0,2,150.0,240.0,angled-fan,1007031,1.1957693524964117,192.933333333379
scrap-2-c,scrap-2,slagway,mid,0,2,150.0,240.0,three-prongs,1027019,1.6648434768992884,201.56666666671921
salt-1-b,salt-1,saltline,opening,2,2,120.0,180.0,two-peninsulas,2321100,1.155643974382968,146.86666666667568
salt-5-a,salt-5,redline,mid,2,2,150.0,240.0,double-hook,2706073,1.6911632147208615,180.60000000003586
switchback-1-a,switchback-1,frostline,opening,3,2,120.0,180.0,staggered-bays,3009109,1.1444878167498735,145.96666666667497
switchback-2-c,switchback-2,highpass,mid,3,2,150.0,240.0,angled-fan,3132127,1.6129687209120047,191.26666666671102
scrap-3-c,scrap-3,scree,mid,0,2,150.0,240.0,three-prongs,1137112,1.6542535353097307,197.55000000004935
scrap-4-b,scrap-4,sluice,mid,0,2,150.0,240.0,staggered-bays,1342147,1.0,195.13333333338076
scrap-4-c,scrap-4,sluice,mid,0,2,150.0,240.0,angled-fan,1237115,1.2431401379395535,185.45000000003972
scrap-5-a,scrap-5,switchback,mid,0,2,150.0,240.0,staggered-bays,1348409,1.172553381430227,189.4500000000429
scrap-5-c,scrap-5,switchback,mid,0,2,150.0,240.0,diagonal-rally,1340145,1.018601421803157,191.7833333333781
scrap-6-b,scrap-6,slagway-final,final,0,3,240.0,360.0,three-prongs,1490694,1.2019667498001425,304.6333333334461
foundry-1-c,foundry-1,ballast,opening,1,2,120.0,180.0,staggered-bays,1719865,1.0,166.83333333335824
foundry-3-b,foundry-3,reedcut,mid,1,2,150.0,240.0,offset-ladder,1829157,1.0,196.48333333338184
foundry-5-a,foundry-5,railcut,mid,1,2,150.0,240.0,diagonal-courtyard,2035313,1.0159298426585346,192.8666666667123
foundry-6-b,foundry-6,ballast,final,1,3,240.0,360.0,diagonal-rally,2126139,1.0,323.3833333334669
foundry-7-b,foundry-7,cutface,boss,2,3,240.0,360.0,nested-switchbacks,2226142,1.0,335.13333333347913
salt-6-a,salt-6,mirage-final,final,2,3,240.0,360.0,nested-switchbacks,2826256,1.0,319.6333333334625
salt-7-b,salt-7,sunspike,boss,3,3,240.0,360.0,staggered-bays,2922127,1.5347611093988822,297.0666666667713
switchback-5-a,switchback-5,spillway,mid,3,2,150.0,240.0,angled-fan,3415175,1.4631937755392763,187.91666666670835
switchback-6-c,switchback-6,frostline-final,final,3,3,240.0,360.0,ribbon-stair,3798515,1.168121254422516,286.6500000000934
switchback-7-c,switchback-7,summit,boss,4,3,240.0,360.0,diagonal-rally,3719925,1.4357726948275642,291.483333333432
crown-1-a,crown-1,lowwater,opening,4,2,120.0,180.0,angled-fan,3710139,1.2518963052271166,149.45000000001107
crown-2-a,crown-2,crown,mid,4,2,150.0,240.0,two-peninsulas,3919114,2.3621770782666984,202.36666666671985
crown-3-a,crown-3,lowwater,mid,4,2,150.0,240.0,diagonal-rally,4186611,1.1564401778838806,193.13333333337917
crown-4-a,crown-4,haulroad,mid,4,2,150.0,240.0,diagonal-rally,4188741,1.0676475190451744,193.80000000004637
foundry-4-c,foundry-4,ridge,mid,1,2,150.0,240.0,fishhook,2185350,1.3062036168397415,183.26666666670465
salt-4-c,salt-4,mirage,mid,2,2,150.0,240.0,long-cutback,2674490,1.1877674161892389,194.4333333333802
switchback-3-c,switchback-3,summit,mid,3,2,150.0,240.0,ribbon-stair,3660955,1.0,198.36666666671667
crown-5-c,crown-5,sunspike,mid,4,2,150.0,240.0,diagonal-rally,4211868,1.6034976610591911,196.13333333338156
crown-6-a,crown-6,lowwater,final,4,3,240.0,360.0,nested-switchbacks,4236388,1.2513842560237936,300.833333333442
crown-7-a,crown-7,crown,arena,4,2,0.0,360.0,crossed-double-hook,4306121,1.0,151.20000000001247
foundry-2-b,foundry-2,ballast,mid,1,2,150.0,240.0,offset-ladder,1719064,1.1500610766405286,190.85000000004402
salt-2-c,salt-2,dustwake,mid,2,2,150.0,240.0,two-peninsulas,2471457,1.3187546429753678,174.56666666669773
salt-3-a,salt-3,cutface,mid,2,2,150.0,240.0,harbour-run,2511112,1.0,211.40000000006037
scrap-7-d,scrap-7,crucible,boss,1,3,240.0,360.0,angled-fan,21021228,1.0073322925270882,299.71666666677396
scrap-7-e,scrap-7,crucible,boss,1,3,240.0,360.0,staggered-bays,20582739,1.18,301.1000000001081
scrap-7-f,scrap-7,crucible,boss,1,3,240.0,360.0,nested-switchbacks,21593427,0.88,309.2833333334519
