event,candidate,course,status,alternate
scrap-1,scrap-1-c,scrap-1-c,owner-keep,
scrap-2,scrap-2-a,scrap-2-a,owner-keep,scrap-2-c
scrap-3,scrap-3-c,scrap-3-c,owner-keep,
scrap-4,scrap-4-c,scrap-4-c,owner-keep,scrap-4-b
scrap-5,scrap-5-c,scrap-5-c,owner-keep,scrap-5-a
scrap-6,scrap-6-b,scrap-6-b,owner-keep,
scrap-7,scrap-7-e,scrap-7-e,owner-keep,
foundry-1,foundry-1-c,foundry-1-c,owner-keep,
foundry-2,foundry-2-b,foundry-2-b,owner-keep,
foundry-3,foundry-3-b,foundry-3-b,owner-keep,
foundry-4,foundry-4-c,foundry-4-c,owner-keep,
foundry-5,foundry-5-a,foundry-5-a,owner-keep,
foundry-6,foundry-6-b,foundry-6-b,owner-keep,
foundry-7,foundry-7-b,foundry-7-b,owner-keep,
salt-1,salt-1-b,salt-1-b,owner-keep,
salt-2,salt-2-c,salt-2-c,owner-keep,
salt-3,salt-3-a,salt-3-a,owner-keep,
salt-4,salt-4-c,salt-4-c,owner-keep,
salt-5,salt-5-a,salt-5-a,owner-keep,
salt-6,salt-6-a,salt-6-a,owner-keep,
salt-7,salt-7-b,salt-7-b,owner-keep,
switchback-1,switchback-1-a,switchback-1-a,owner-keep,
switchback-2,switchback-2-c,switchback-2-c,owner-keep,
switchback-3,switchback-3-c,switchback-3-c,owner-keep,
switchback-4,switchback-4-runoff,runoff,owner-keep,
switchback-5,switchback-5-a,switchback-5-a,owner-keep,
switchback-6,switchback-6-c,switchback-6-c,owner-keep,
switchback-7,switchback-7-c,switchback-7-c,owner-keep,
crown-1,crown-1-a,crown-1-a,owner-keep,
crown-2,crown-2-a,crown-2-a,owner-keep,
crown-3,crown-3-a,crown-3-a,owner-keep,
crown-4,crown-4-a,crown-4-a,owner-keep,
crown-5,crown-5-c,crown-5-c,owner-keep,
crown-6,crown-6-a,crown-6-a,owner-keep,
crown-7,crown-7-a,crown-7-a,owner-keep,
