candidate,count,lanes,earlyPairs
scrap-2-c,7,dual,0
scrap-3-c,7,dual,0
scrap-4-b,7,dual,0
scrap-4-c,7,dual,0
scrap-5-a,7,dual,0
scrap-5-c,7,dual,0
scrap-6-b,7,dual,0
foundry-1-c,7,dual,0
foundry-2-b,7,dual,0
foundry-3-b,7,dual,0
foundry-4-c,7,dual,0
foundry-5-a,7,dual,0
foundry-6-b,7,dual,0
foundry-7-b,16,dual,0
salt-1-b,12,dual,0
salt-2-c,12,dual,0
salt-3-a,12,dual,3
salt-4-c,12,dual,0
salt-5-a,16,dual,0
salt-6-a,12,dual,0
salt-7-b,16,dual,0
switchback-1-a,7,dual,0
switchback-2-c,7,dual,0
switchback-3-c,7,dual,0
switchback-5-a,7,dual,0
switchback-6-c,7,dual,0
switchback-7-c,7,dual,0
crown-1-a,7,dual,0
crown-2-a,7,dual,0
crown-3-a,7,dual,0
crown-4-a,7,dual,0
crown-5-c,7,dual,0
crown-6-a,7,dual,0
