id,kind
scrap-1-c,campaign
scrap-2-a,campaign
scrap-3-c,campaign
scrap-4-c,campaign
scrap-5-c,campaign
scrap-6-b,campaign
scrap-7-f,campaign
foundry-1-c,campaign
foundry-2-b,campaign
foundry-3-b,campaign
foundry-4-c,campaign
foundry-5-a,campaign
foundry-6-b,campaign
foundry-7-b,campaign
salt-1-b,campaign
salt-2-c,campaign
salt-3-a,campaign
salt-4-c,campaign
salt-5-a,campaign
salt-6-a,campaign
salt-7-b,campaign
switchback-1-a,campaign
switchback-2-c,campaign
switchback-3-c,campaign
runoff,campaign
switchback-5-a,campaign
switchback-6-c,campaign
switchback-7-c,campaign
crown-1-a,campaign
crown-2-a,campaign
crown-3-a,campaign
crown-4-a,campaign
crown-5-c,campaign
crown-6-a,campaign
crown-7-a,campaign
scrap-2-c,alternate
scrap-4-b,alternate
scrap-5-a,alternate
