id,contact,block,rangeCarLengths,laneRisk,abilityEvery,leaderWeight,nearWeight,damageWeight,driftUse
Needle,0.10,0.10,4.5,0.50,1,0.20,1.0,0.20,0
Line,0.15,0.20,4.0,0.50,1,0.25,1.0,0.20,0
Bastion,0.90,0.70,1.8,0.60,1,0.55,1.0,0.70,0
Comet,0.15,0.25,5.0,0.55,1,0.40,0.8,0.30,0
Trail,0.10,0.20,3.5,0.50,1,0.25,1.0,0.20,0
Flint,0.65,0.55,4.5,0.58,2,0.55,0.8,0.70,0
Quill,0.85,0.55,1.5,0.60,1,0.50,1.2,0.50,0
Vandal,0.70,0.80,2.5,0.60,1,0.60,1.0,0.50,0
Kestrel,0.30,0.50,4.0,0.55,1,0.90,0.7,0.70,0
Bulwark,0.95,0.85,2.0,0.60,1,0.70,1.0,0.70,0
rig,0.10,0.40,2.5,0.50,1,0.10,1.0,0.30,0
