event,number,act,fieldTarget,ratioTarget,rewardScale,rivalGrant,measuredPlayerPR,measuredFieldPR,measuredRatio,measuredIncome,measuredNextUpgrade,measuredNextCar,measuredUpgradeRaces,measuredCarRaces,measuredRatioGap,measuredGross,measuredRepair,measuredDebtPaid,measuredNetIncome,measuredUnbankedAtCap
scrap-1,1,0,367,0.89,1.6,0,329.65746231400004,367.6553649458,0.8966480398364332,130.411,190.0,922.0,1.4669111718591414,7.11837947607436,0.0,182.03,19.3595,32.2595,130.411,0.0
scrap-2,2,0,370,0.95,1.6,40,329.65746231400004,368.29044907979994,0.8951018500145003,125.771,190.0,922.0,0.4784593495209078,6.354603328161056,0.0,190.768,33.994,31.003,125.771,0.0
scrap-3,3,0,374,0.98,1.6,40,372.359865927,374.377385917714,0.9946119208980151,157.171,170.0,856.0,0.6716661247767832,5.112325622209447,0.0008440476693751021,226.094,29.7585,39.1645,157.171,0.0
scrap-4,4,0,380,1.0,1.6,40,390.026757450956,380.16492119731396,1.0259415972575094,205.436,160.23,797.38,0.5077580584412608,3.6496285129474226,0.0008571162377934565,254.19,31.201,17.553,205.436,0.0
scrap-5,5,0,390,0.98,1.6,40,390.838103119603,386.68521374693535,1.0107399754361515,185.8575,348.382,795.04,0.5167223966711981,3.0218471180839255,0.04621628978348635,225.126,39.2485,0.02,185.8575,0.0
scrap-6,6,0,405,0.96,1.6,40,434.51841056572596,395.8201982674296,1.097773411718004,284.576,182.3145,667.868,0.3747764788957628,2.183146158545587,0.03489205167780726,298.606,14.03,0.0,284.576,0.0
scrap-7,7,0,505,0.89,1.6,900,451.18098266303997,488.0477700099048,0.9244755793289288,454.6455,310.6765,604.363,0.2902343567254945,0.9645124798897372,0.00797431295908526,481.58,26.9345,0.0,454.6455,0.0
foundry-1,8,1,475,0.89,2.2,350,455.062979266338,473.5015437181743,0.9610632732849486,289.598,236.955,971.77,0.34095930675193614,3.1809236646132413,0.0025678518785266094,313.56,23.962,0.0,289.598,0.0
foundry-2,9,1,480,0.95,2.2,40,496.61715870699555,478.21597671889344,1.0384820330446876,251.321,184.3255,1160.2925,0.42179374132577624,4.427613791147042,0.0027599015314148483,274.08,22.759,0.0,251.321,0.0
foundry-3,10,1,485,0.98,2.2,40,520.38191524842,482.6676005656776,1.0781393830555965,258.303,251.503,1085.643,0.5225955736644319,3.859722560915876,0.01601384001499345,277.1885,18.8855,0.0,258.303,0.0
foundry-4,11,1,490,1.0,2.2,40,535.237966987078,483.3385212832667,1.1073794353846191,285.606,309.402,1016.4875,0.4679144200040128,3.015955370780461,0.022280501187470752,302.521,16.915,0.0,285.606,0.0
foundry-5,12,1,500,0.98,2.2,40,552.0109988007929,488.5593938510151,1.1298788624349347,318.631,317.444,909.987,0.5307065783758439,2.5109661512061483,0.013010441683876056,352.038,33.407,0.0,318.631,0.0
foundry-6,13,1,515,0.96,2.2,40,566.2383653219779,496.7348724956565,1.1399265785524986,471.9605,419.725,804.546,0.523263844446485,1.3460081441759069,0.0378102427246749,481.514,9.5535,0.0,471.9605,0.0
foundry-7,14,1,620,0.89,2.2,1100,578.6416193174078,582.739714908065,0.9929787716378577,630.0965,589.945,684.4655,0.46152592798461056,0.651699776695599,0.042944080084738885,641.018,10.9215,0.0,630.0965,0.0
salt-1,15,2,525,0.89,2.9,500,530.098264968117,529.018959589496,1.0020427095285351,435.2925,233.385,1651.807,0.2392509813858494,4.030024409290832,0.010217183842687383,467.011,31.7185,0.0,435.2925,0.0
salt-2,16,2,530,0.95,2.9,40,552.565063861179,529.8227698554571,1.0429399100457635,522.094,265.0755,1640.198,0.27213844546615273,3.2286890172615457,0.011772111070341056,543.0025,20.9085,0.0,522.094,0.0
salt-3,17,2,535,0.98,2.9,40,579.8268801042161,531.443623166519,1.0910530967230627,591.414,394.523,1470.885,0.3899460066938981,2.3265916407477416,0.026702930689275574,605.179,13.765,0.0,591.414,0.0
salt-4,18,2,545,1.0,2.9,40,601.7235582280912,539.750234454713,1.1148242400049604,625.3185,531.568,1286.1565,0.4897498710710749,1.7041306366436133,0.03699802972506935,631.81,6.4915,0.0,625.3185,0.0
salt-5,19,2,555,0.98,2.9,40,618.660998014839,553.1829673938132,1.1183596150262665,628.1725,492.03,1089.4685,0.385327088177141,1.2797403193091095,0.022838165366737193,631.6115,3.439,0.0,628.1725,0.0
salt-6,20,2,575,0.96,2.9,40,628.8981887046322,559.1777271049147,1.1246840536289708,632.634,282.9525,938.754,0.11405797573848155,0.7600797548446615,0.0067377697547942065,634.5435,1.9095,0.0,632.634,0.0
salt-7,21,2,655,0.89,2.9,1300,631.9583605558521,632.9497630908718,0.998441244472731,1303.768,188.478,889.104,0.005804217080966369,0.12530658878910597,0.0024909047811482506,1323.2375,19.4695,0.0,1303.768,0.0
switchback-1,22,3,570,0.89,3.1,650,623.8704097256,575.4530820668931,1.0841380120795714,583.1025,460.406,2037.235,0.41150515767357787,3.2237236549576265,0.013740962262589935,595.703,12.6005,0.0,583.1025,0.0
switchback-2,23,3,575,0.95,3.1,40,637.441303127635,576.506427426627,1.1056970283393754,626.663,456.789,1850.9395,0.3299902159338239,2.5755418191762884,0.009935301055639327,637.596,10.933,0.0,626.663,0.0
switchback-3,24,3,585,0.98,3.1,40,645.6385739283251,582.984594488287,1.1074711634544376,637.809,537.8055,1702.981,0.28078269601141387,1.9672302499263534,0.0033701734953509787,643.363,5.554,0.0,637.809,0.0
switchback-4,25,3,595,1.0,3.1,40,647.972397865561,589.7273985198831,1.0987684326629563,587.6575,563.1675,1652.6055,0.0782267454967146,1.2447393160783695,0.002102701741872651,598.003,10.3455,0.0,587.6575,0.0
switchback-5,26,3,610,0.98,3.1,40,648.83729397935,595.170672786419,1.0901731235810972,654.234,574.569,1632.465,0.038640305962954,0.48636517554518177,0.000991339869846943,657.999,3.765,0.0,654.234,0.0
switchback-6,27,3,625,0.96,3.1,40,648.930117228,614.0779453377359,1.056755295324867,569.476,582.0,1629.0,0.006217056734205812,0.16897449707317477,8.664577345400826e-06,598.334,28.858,0.0,569.476,0.0
switchback-7,28,3,705,0.89,3.1,1500,648.930117228,649.1700245272001,0.9996304399615881,1410.5285,582.0,1629.0,0.0,0.02092684109930464,0.0,1453.221,42.6925,0.0,1410.5285,0.0
crown-1,29,4,590,0.89,3.3,800,670.2683201922221,598.86002797757,1.119240584205558,698.733,106.1695,0.0,0.061131460840791664,0.0,0.0004972002731333685,703.6875,4.9545,0.0,698.733,0.0
crown-2,30,4,600,0.95,3.3,40,670.967713693556,598.9802653855701,1.120183433957001,718.5585,34.1295,0.0,0.021528649441870468,0.0,0.0002129205856769869,723.1175,4.559,0.0,718.5585,0.0
crown-3,31,4,610,0.98,3.3,40,671.069870117012,605.0037155547603,1.1091996190810305,712.96,8.337,0.0,0.0045384359333562425,0.0,6.720613878731685e-06,720.912,7.952,0.0,712.96,0.0
crown-4,32,4,620,1.0,3.3,40,671.0768965954001,608.6202747203603,1.102620048938613,704.1325,1.0275,0.0,0.000605498306790784,0.0,2.7863653481172702e-06,708.816,4.6835,0.0,704.1325,0.0
crown-5,33,4,630,0.98,3.3,40,671.07714709,621.7105733822,1.0794044300054901,672.1945,0.0,0.0,0.0,0.0,0.0,681.833,9.6385,0.0,672.1945,0.0
crown-6,34,4,640,0.96,3.3,40,671.07714709,630.7395582024,1.0639528445029858,680.4295,0.0,0.0,0.0,0.0,0.0,691.258,10.8285,0.0,680.4295,0.0
crown-7,35,4,635,1.05,3.3,1700,671.07714709,634.9115554340001,1.0569616214202915,1355.209,0.0,0.0,0.0,0.0,0.0,1356.4335,0.988,0.0,1355.4455,0.2365
