course,kind,xScale,lengthM
foundry,longitudinal extension,1.1752484301653257,619.2446510062381
scree,longitudinal extension,1.4340590577650332,800.0474952515643
sluice,longitudinal extension,1.5059404061493054,957.0610696571903
switchback,longitudinal extension,1.384554391358785,1047.280740035902
crucible,longitudinal extension,1.488458821867625,653.9889173187859
reedcut,longitudinal extension,1.1760314701308952,869.9589378229208
ridge,longitudinal extension,1.6401265250792165,944.9910123172452
railcut,longitudinal extension,1.4898821134763838,1211.0450804243812
cutface,longitudinal extension,1.1035868511501778,926.887666314104
mirage,longitudinal extension,1.3112993613971888,1128.1598900555423
redline,longitudinal extension,1.7944076102624704,1468.4668534825294
summit,longitudinal extension,1.1793814432990815,987.1778493477083
runoff,longitudinal extension,1.7191789342734167,1088.74207390062
spillway,longitudinal extension,1.4270796387181512,1359.676098460874
lowwater,longitudinal extension,1.1395680869214886,1063.3786689729693
haulroad,longitudinal extension,1.1587296469449464,1216.9822485487366
sunspike,longitudinal extension,1.3550003990740402,1432.9156599392657
slagway-final,new double-bend final,1,1486.6222246361642
foundry-final,new double-bend final,1,1621.2385594782252
mirage-final,new double-bend final,1,1694.811860547912
frostline-final,new double-bend final,1,1688.8310717810118
