course,minTier,maxTier
foundry,0,4
switchback,0,4
redline,0,4
runoff,0,4
crucible,0,4
slagway,0,1
railcut,1,2
furnace,2,4
crown,3,4
scree,0,1
ballast,1,2
cutface,2,3
haulroad,3,4
saltline,0,2
dustwake,1,3
mirage,2,4
sunspike,3,4
sluice,0,1
reedcut,1,2
spillway,2,3
lowwater,3,4
ridge,1,2
frostline,2,4
highpass,3,4
summit,3,4
slagway-final,0,1
foundry-final,1,2
mirage-final,2,3
frostline-final,3,4
scrap-1-c,0,0
scrap-2-a,0,0
scrap-2-c,0,0
scrap-3-c,0,0
scrap-4-b,0,0
scrap-4-c,0,0
scrap-5-a,0,0
scrap-5-c,0,0
scrap-6-b,0,0
foundry-1-c,1,1
foundry-2-b,1,1
foundry-3-b,1,1
foundry-4-c,1,1
foundry-5-a,1,1
foundry-6-b,1,1
foundry-7-b,2,2
salt-1-b,2,2
salt-2-c,2,2
salt-3-a,2,2
salt-4-c,2,2
salt-5-a,2,2
salt-6-a,2,2
salt-7-b,3,3
switchback-1-a,3,3
switchback-2-c,3,3
switchback-3-c,3,3
switchback-5-a,3,3
switchback-6-c,3,3
switchback-7-c,4,4
crown-1-a,4,4
crown-2-a,4,4
crown-3-a,4,4
crown-4-a,4,4
crown-5-c,4,4
crown-6-a,4,4
crown-7-a,4,4
scrap-7-e,1,1
