course,definition,fraction,lane,heading,seed
foundry,tyres-scattered,0.30061824,10.9,0.0,1009
foundry,rubble,0.46135891,-10.9,0.0,1146
foundry,rock-spire,0.65464179,12.4,0.0,1283
foundry,dead-tree,0.76766112,-12.35,0.0,1420
foundry,tree-decoration,0.57377072,17.0,0.0,5003
switchback,rubble,0.31729390,10.25,0.0,1050
switchback,rock-field,0.51521437,-11.05,0.0,1187
switchback,rock-spire,0.70796805,10.4,0.0,1324
switchback,brush,0.86824251,-9.9,0.0,1461
switchback,tree-decoration,0.59843586,14.0,0.0,5004
redline,soft-dune,0.30776132,12.9,0.0,1091
redline,rock-spire,0.50293409,-14.4,0.0,1228
redline,rock-field,0.66854241,15.05,0.0,1365
redline,brush,0.86377116,-12.9,0.0,1502
redline,tree-decoration,0.58265231,19.0,0.0,5005
runoff,brush,0.31732510,11.9,0.0,1132
runoff,dead-tree,0.48373156,-11.35,0.0,1269
runoff,tyres-scattered,0.67389224,11.6,0.0,1406
runoff,rubble,0.86680393,-12.25,0.0,1543
runoff,tree-decoration,0.58935551,16.0,0.0,5006
crucible,tree-decoration,0.31829811,14.0,0.0,1173
crucible,tree-decoration,0.46474842,-14.0,0.0,1310
crucible,tree-decoration,0.66841016,14.0,0.0,1447
crucible,tree-decoration,0.86660613,-14.0,0.0,1584
crucible,tree-decoration,0.57976300,14.0,0.0,5007
slagway,tyres-scattered,0.29,10.9,0.0,1214
slagway,rubble,0.46,-10.9,0.0,1351
slagway,rock-spire,0.6509560466323403,12.4,0.0,1488
slagway,dead-tree,0.7273612145818933,-12.35,0.0,1625
slagway,tree-decoration,0.57,17.0,0.0,5008
railcut,tyres-scattered,0.30524644,11.9,0.0,1255
railcut,rubble,0.46011152,-11.9,0.0,1392
railcut,rock-spire,0.65718421,13.4,0.0,1529
railcut,dead-tree,0.81280428,-13.35,0.0,1666
railcut,tree-decoration,0.57389784,18.0,0.0,5009
furnace,tyres-scattered,0.29,12.9,0.0,1296
furnace,rubble,0.46,-12.9,0.0,1433
furnace,rock-spire,0.6492078859324514,14.4,0.0,1570
furnace,dead-tree,0.7984426993068502,-14.35,0.0,1707
furnace,tree-decoration,0.57,19.0,0.0,5010
crown,tyres-scattered,0.29,10.9,0.0,1337
crown,rubble,0.46,-10.9,0.0,1474
crown,rock-spire,0.6492001047250242,12.4,0.0,1611
crown,dead-tree,0.8249743812644078,-12.35,0.0,1748
crown,tree-decoration,0.57,17.0,0.0,5011
scree,rubble,0.30925912,11.9,0.0,1378
scree,rock-field,0.57404741,-14.05,0.0,1515
scree,rock-spire,0.66013855,13.4,0.0,1652
scree,brush,0.85709743,-11.9,0.0,1789
scree,tree-decoration,0.57409391,18.0,0.0,5012
ballast,rubble,0.29,12.9,0.0,1419
ballast,rock-field,0.5581729658806632,-15.05,0.0,1556
ballast,rock-spire,0.6496686418218028,14.4,0.0,1693
ballast,brush,0.84,-12.9,0.0,1830
ballast,tree-decoration,0.57,19.0,0.0,5013
cutface,rubble,0.29500599,10.9,0.0,1460
cutface,rock-field,0.53144049,-13.05,0.0,1597
cutface,rock-spire,0.65305748,12.4,0.0,1734
cutface,brush,0.84554222,-10.9,0.0,1871
cutface,tree-decoration,0.57130909,17.0,0.0,5014
haulroad,rubble,0.29673203,11.9,0.0,1501
haulroad,rock-field,0.49182061,-14.05,0.0,1638
haulroad,rock-spire,0.65413195,13.4,0.0,1775
haulroad,brush,0.84786864,-11.9,0.0,1912
haulroad,tree-decoration,0.57156597,18.0,0.0,5015
saltline,soft-dune,0.29,12.9,0.0,1542
saltline,rock-spire,0.5443599393219716,-14.4,0.0,1679
saltline,rock-field,0.6501007781727934,15.05,0.0,1816
saltline,brush,0.84,-12.9,0.0,1953
saltline,tree-decoration,0.57,19.0,0.0,5016
dustwake,soft-dune,0.29,10.9,0.0,1583
dustwake,rock-spire,0.5558989609901535,-12.4,0.0,1720
dustwake,rock-field,0.6493100116794872,13.05,0.0,1857
dustwake,brush,0.84,-10.9,0.0,1994
dustwake,tree-decoration,0.57,17.0,0.0,5017
mirage,soft-dune,0.30222698,11.9,0.0,1624
mirage,rock-spire,0.55146413,-13.4,0.0,1761
mirage,rock-field,0.65545059,14.05,0.0,1898
mirage,brush,0.85436428,-11.9,0.0,2035
mirage,tree-decoration,0.57274867,18.0,0.0,5018
sunspike,soft-dune,0.30225029,12.9,0.0,1665
sunspike,rock-spire,0.49191254,-14.4,0.0,1802
sunspike,rock-field,0.65599064,15.05,0.0,1939
sunspike,brush,0.85425336,-12.9,0.0,2076
sunspike,tree-decoration,0.57299923,19.0,0.0,5019
sluice,brush,0.31241309,10.9,0.0,1706
sluice,dead-tree,0.56777540,-12.35,0.0,1843
sluice,tyres-scattered,0.66219849,10.9,0.0,1980
sluice,rubble,0.85870865,-10.9,0.0,2117
sluice,tree-decoration,0.57515032,17.0,0.0,5020
reedcut,brush,0.29840638,11.9,0.0,1747
reedcut,dead-tree,0.55762271,-13.35,0.0,1884
reedcut,tyres-scattered,0.65434860,11.9,0.0,2021
reedcut,rubble,0.84925210,-11.9,0.0,2158
reedcut,tree-decoration,0.57211495,18.0,0.0,5021
spillway,brush,0.30599506,12.9,0.0,1788
spillway,dead-tree,0.49094937,-14.35,0.0,1925
spillway,tyres-scattered,0.65825225,12.9,0.0,2062
spillway,rubble,0.85849097,-12.9,0.0,2199
spillway,tree-decoration,0.57362319,19.0,0.0,5022
lowwater,brush,0.29772168,10.9,0.0,1829
lowwater,dead-tree,0.48346465,-12.35,0.0,1966
lowwater,tyres-scattered,0.65405385,10.9,0.0,2103
lowwater,rubble,0.84744399,-10.9,0.0,2240
lowwater,tree-decoration,0.57182374,17.0,0.0,5023
ridge,rock-field,0.20101204,14.05,0.0,1870
ridge,dead-tree,0.57011825,-13.35,0.0,2007
ridge,rubble,0.66394615,11.9,0.0,2144
ridge,rock-spire,0.70915383,-13.4,0.0,2281
ridge,tree-decoration,0.57593995,18.0,0.0,5024
frostline,rock-field,0.293395215080431,15.05,0.0,1911
frostline,dead-tree,0.48736413438682114,-14.35,0.0,2048
frostline,rubble,0.65,12.9,0.0,2185
frostline,rock-spire,0.7955223929032564,-14.4,0.0,2322
frostline,tree-decoration,0.57,19.0,0.0,5025
highpass,rock-field,0.28929096501849083,13.05,0.0,1952
highpass,dead-tree,0.5245887815891161,-12.35,0.0,2089
highpass,rubble,0.65,10.9,0.0,2226
highpass,rock-spire,0.7968249752177715,-12.4,0.0,2363
highpass,tree-decoration,0.57,17.0,0.0,5026
summit,rock-field,0.27832126,14.05,0.0,1993
summit,dead-tree,0.48143070,-13.35,0.0,2130
summit,rubble,0.65575304,11.9,0.0,2267
summit,rock-spire,0.77094548,-13.4,0.0,2404
summit,tree-decoration,0.57255828,18.0,0.0,5027
slagway-final,rubble,0.24,11.8,0,104000
slagway-final,tyres-scattered,0.61,-11.8,0,104001
slagway-final,tree-decoration,0.8,17,0,104002
foundry-final,rubble,0.24,11.8,0,104071
foundry-final,tyres-scattered,0.61,-11.8,0,104072
foundry-final,tree-decoration,0.8,17,0,104073
mirage-final,rubble,0.24,11.8,0,104142
mirage-final,tyres-scattered,0.61,-11.8,0,104143
mirage-final,tree-decoration,0.8,17,0,104144
frostline-final,rubble,0.24,11.8,0,104213
frostline-final,tyres-scattered,0.61,-11.8,0,104214
frostline-final,tree-decoration,0.8,17,0,104215
scrap-1-c,tyres-scattered,0.7418338456078843,10.776728691836833,0.0,17011
scrap-1-c,dead-tree,0.27832087992080495,12.615485209527206,0.0,17012
scrap-2-a,tyres-scattered,0.7661183720462006,11.673750000000002,0.0,17011
scrap-2-a,dead-tree,0.2321675121989942,11.789569433787891,0.0,17012
scrap-2-a,dead-tree,0.5779704149578168,12.49703083059556,0.0,17013
scrap-2-c,tyres-scattered,0.04064792344492584,11.673750000000002,0.0,17011
scrap-3-c,tyres-scattered,0.010064344885818428,10.715570383603785,0.0,17011
scrap-4-b,tyres-scattered,0.5042256459614441,10.688384928473655,0.0,17011
scrap-4-b,dead-tree,0.5819072475842502,12.673750000000002,0.0,17012
scrap-4-b,dead-tree,0.007087654641383879,11.693571014878312,0.0,17013
scrap-4-c,tyres-scattered,0.010676222440019211,10.849656972031967,0.0,17011
scrap-4-c,dead-tree,0.5951286402693149,11.659945896513861,0.0,17012
scrap-4-c,dead-tree,0.59054003349523,12.369358765792875,0.0,17013
scrap-5-a,tyres-scattered,0.5414405852751182,11.673750000000002,0.0,17011
scrap-5-a,dead-tree,0.008774192062914018,12.673750000000002,0.0,17012
scrap-5-a,dead-tree,0.9421771644820884,12.642621388517398,0.0,17013
scrap-5-c,tyres-scattered,0.9009468791507805,11.673750000000002,0.0,17011
scrap-5-c,dead-tree,0.9145246426081642,12.673750000000002,0.0,17012
scrap-6-b,tyres-scattered,0.8706125971899763,10.729700590938537,0.0,17011
foundry-1-c,tyres-scattered,0.6674210114311675,10.642960160714798,0.0,17011
foundry-1-c,dead-tree,0.014210906593415997,12.673750000000002,0.0,17012
foundry-1-c,dead-tree,0.5494957542060637,12.673750000000002,0.0,17013
foundry-2-b,tyres-scattered,0.018978445990383275,10.793298791354761,0.0,17011
foundry-2-b,dead-tree,0.5716899414718641,11.865159641197767,0.0,17012
foundry-2-b,dead-tree,0.7154207481138367,12.660470455548682,0.0,17013
foundry-3-b,tyres-scattered,0.6720332968896146,11.128953590462642,0.0,17011
foundry-4-c,tyres-scattered,0.025445834864669163,10.795797900099897,0.0,17011
foundry-5-a,tyres-scattered,0.4198178393230405,10.782254150090733,0.0,17011
foundry-5-a,dead-tree,0.3830337167964337,12.673750000000002,0.0,17012
foundry-5-a,dead-tree,0.3889930626344337,12.673750000000002,0.0,17013
foundry-6-b,tyres-scattered,0.7528419381418942,11.673750000000002,0.0,17011
foundry-6-b,dead-tree,0.8220065317176245,12.673750000000002,0.0,17012
foundry-7-b,tyres-scattered,0.07230346655816637,11.673750000000002,0.0,17011
foundry-7-b,dead-tree,0.5805684115915698,12.673750000000002,0.0,17012
foundry-7-b,dead-tree,0.9130118268819701,11.667873695474876,0.0,17013
salt-1-b,tyres-scattered,0.3749115577542784,10.794767812853864,0.0,17011
salt-2-c,tyres-scattered,0.6420257926952633,11.543562524568783,0.0,17011
salt-3-a,tyres-scattered,0.4854280317538028,11.673750000000002,0.0,17011
salt-3-a,dead-tree,0.8398877824615915,12.673750000000002,0.0,17012
salt-3-a,dead-tree,0.8981990057587415,12.673750000000002,0.0,17013
salt-4-c,tyres-scattered,0.8027322195354152,10.720237940621548,0.0,17011
salt-4-c,dead-tree,0.5908472827402084,11.844685646618665,0.0,17012
salt-4-c,dead-tree,0.052178005153341166,12.655327463405227,0.0,17013
salt-5-a,tyres-scattered,0.7644605384222036,10.827381064738718,0.0,17011
salt-6-a,tyres-scattered,0.6085437381553674,10.71102025923649,0.0,17011
salt-6-a,dead-tree,0.5392232670552995,12.673750000000002,0.0,17012
salt-6-a,dead-tree,0.2628756914011877,11.69262399091059,0.0,17013
salt-7-b,tyres-scattered,0.5750014633463704,11.673750000000002,0.0,17011
salt-7-b,dead-tree,0.013718305846986826,11.842903727997,0.0,17012
salt-7-b,dead-tree,0.3580420643329917,11.714637015670897,0.0,17013
switchback-1-a,tyres-scattered,0.5998974026650286,11.673750000000002,0.0,17011
switchback-1-a,dead-tree,0.7567524581318795,12.644796931718622,0.0,17012
switchback-2-c,tyres-scattered,0.720589700840677,11.673750000000002,0.0,17011
switchback-2-c,dead-tree,0.5481479148899543,11.798643108999713,0.0,17012
switchback-2-c,dead-tree,0.006928138617221019,11.720379634983821,0.0,17013
switchback-3-c,tyres-scattered,0.5361483420186846,11.673750000000002,0.0,17011
switchback-3-c,dead-tree,0.5077926488165929,12.673750000000002,0.0,17012
switchback-5-a,tyres-scattered,0.9147910485945814,10.634594782285669,0.0,17011
switchback-5-a,dead-tree,0.011298909184836625,11.72855670698638,0.0,17012
switchback-5-a,dead-tree,0.9633385427431842,12.673750000000002,0.0,17013
switchback-6-c,tyres-scattered,0.5300950672695522,11.673750000000002,0.0,17011
switchback-6-c,dead-tree,0.9246947822366237,11.763682961989016,0.0,17012
switchback-6-c,dead-tree,0.7376254821554475,11.735099108960913,0.0,17013
switchback-7-c,tyres-scattered,0.835119190703782,11.673750000000002,0.0,17011
switchback-7-c,dead-tree,0.26482882757587967,11.66130379307135,0.0,17012
switchback-7-c,dead-tree,0.5824008234067759,12.635696066833825,0.0,17013
crown-1-a,tyres-scattered,0.9574836619470075,11.673750000000002,0.0,17011
crown-1-a,dead-tree,0.19768755819460676,11.998280828235309,0.0,17012
crown-2-a,tyres-scattered,0.9013974925706166,10.700462010587147,0.0,17011
crown-3-a,tyres-scattered,0.5464596190826657,11.673750000000002,0.0,17011
crown-3-a,dead-tree,0.8164324356468334,12.673750000000002,0.0,17012
crown-4-a,tyres-scattered,0.9064041164900705,11.673750000000002,0.0,17011
crown-4-a,dead-tree,0.47007359320126485,12.613914210609046,0.0,17012
crown-4-a,dead-tree,0.6086362567273885,12.437609654438793,0.0,17013
crown-5-c,tyres-scattered,0.23608147231544505,10.766955061167907,0.0,17011
crown-5-c,dead-tree,0.844595671628013,12.673750000000002,0.0,17012
crown-5-c,dead-tree,0.9060754109671576,12.626010199300937,0.0,17013
crown-6-a,tyres-scattered,0.5735264598183497,11.673750000000002,0.0,17011
crown-6-a,dead-tree,0.006641986980743259,12.673750000000002,0.0,17012
crown-6-a,dead-tree,0.43115200544328547,12.600484266740192,0.0,17013
crown-7-a,tyres-scattered,0.06404468622055147,11.673750000000002,0.0,17011
crown-7-a,dead-tree,0.9371803443675374,12.673750000000002,0.0,17012
crown-7-a,dead-tree,0.1805552528299111,11.81059228559705,0.0,17013
