model,step,cashUnits,powerUnits,purchases,repairs,participationInflow,finishInflow,wreckInflow,finishShare,dominantFaucetOverHalf
uncapped_loop,1,1,1,1,1,1,1,1,0.3333333333333333,False
uncapped_loop,2,3,2,2,2,1,2,1,0.5,False
uncapped_loop,3,6,3,3,3,1,3,1,0.6,True
uncapped_loop,4,10,4,4,4,1,4,1,0.6666666666666666,True
uncapped_loop,5,15,5,5,5,1,5,1,0.7142857142857143,True
uncapped_loop,6,21,6,6,6,1,6,1,0.75,True
uncapped_loop,7,28,7,7,7,1,7,1,0.7777777777777778,True
uncapped_loop,8,36,8,8,8,1,8,1,0.8,True
uncapped_loop,9,45,9,9,9,1,9,1,0.8181818181818182,True
uncapped_loop,10,55,10,10,10,1,10,1,0.8333333333333334,True
uncapped_loop,11,66,11,11,11,1,11,1,0.8461538461538461,True
uncapped_loop,12,78,12,12,12,1,12,1,0.8571428571428571,True
uncapped_loop,13,91,13,13,13,1,13,1,0.8666666666666667,True
uncapped_loop,14,105,14,14,14,1,14,1,0.875,True
uncapped_loop,15,120,15,15,15,1,15,1,0.8823529411764706,True
uncapped_loop,16,136,16,16,16,1,16,1,0.8888888888888888,True
uncapped_loop,17,153,17,17,17,1,17,1,0.8947368421052632,True
uncapped_loop,18,171,18,18,18,1,18,1,0.9,True
uncapped_loop,19,190,19,19,19,1,19,1,0.9047619047619048,True
uncapped_loop,20,210,20,20,20,1,20,1,0.9090909090909091,True
uncapped_loop,21,231,21,21,21,1,21,1,0.9130434782608695,True
uncapped_loop,22,253,22,22,22,1,22,1,0.9166666666666666,True
uncapped_loop,23,276,23,23,23,1,23,1,0.92,True
uncapped_loop,24,300,24,24,24,1,24,1,0.9230769230769231,True
uncapped_loop,25,325,25,25,25,1,25,1,0.9259259259259259,True
uncapped_loop,26,351,26,26,26,1,26,1,0.9285714285714286,True
uncapped_loop,27,378,27,27,27,1,27,1,0.9310344827586207,True
uncapped_loop,28,406,28,28,28,1,28,1,0.9333333333333333,True
uncapped_loop,29,435,29,29,29,1,29,1,0.9354838709677419,True
uncapped_loop,30,465,30,30,30,1,30,1,0.9375,True
uncapped_loop,31,496,31,31,31,1,31,1,0.9393939393939394,True
uncapped_loop,32,528,32,32,32,1,32,1,0.9411764705882353,True
uncapped_loop,33,561,33,33,33,1,33,1,0.9428571428571428,True
uncapped_loop,34,595,34,34,34,1,34,1,0.9444444444444444,True
uncapped_loop,35,630,35,35,35,1,35,1,0.9459459459459459,True
uncapped_loop,36,666,36,36,36,1,36,1,0.9473684210526315,True
uncapped_loop,37,703,37,37,37,1,37,1,0.9487179487179487,True
uncapped_loop,38,741,38,38,38,1,38,1,0.95,True
uncapped_loop,39,780,39,39,39,1,39,1,0.9512195121951219,True
uncapped_loop,40,820,40,40,40,1,40,1,0.9523809523809523,True
uncapped_loop,41,861,41,41,41,1,41,1,0.9534883720930233,True
uncapped_loop,42,903,42,42,42,1,42,1,0.9545454545454546,True
uncapped_loop,43,946,43,43,43,1,43,1,0.9555555555555556,True
uncapped_loop,44,990,44,44,44,1,44,1,0.9565217391304348,True
uncapped_loop,45,1035,45,45,45,1,45,1,0.9574468085106383,True
uncapped_loop,46,1081,46,46,46,1,46,1,0.9583333333333334,True
uncapped_loop,47,1128,47,47,47,1,47,1,0.9591836734693877,True
uncapped_loop,48,1176,48,48,48,1,48,1,0.96,True
uncapped_loop,49,1225,49,49,49,1,49,1,0.9607843137254902,True
uncapped_loop,50,1275,50,50,50,1,50,1,0.9615384615384616,True
uncapped_loop,51,1326,51,51,51,1,51,1,0.9622641509433962,True
uncapped_loop,52,1378,52,52,52,1,52,1,0.9629629629629629,True
uncapped_loop,53,1431,53,53,53,1,53,1,0.9636363636363636,True
uncapped_loop,54,1485,54,54,54,1,54,1,0.9642857142857143,True
uncapped_loop,55,1540,55,55,55,1,55,1,0.9649122807017544,True
uncapped_loop,56,1596,56,56,56,1,56,1,0.9655172413793104,True
uncapped_loop,57,1653,57,57,57,1,57,1,0.9661016949152542,True
uncapped_loop,58,1711,58,58,58,1,58,1,0.9666666666666667,True
uncapped_loop,59,1770,59,59,59,1,59,1,0.9672131147540983,True
uncapped_loop,60,1830,60,60,60,1,60,1,0.967741935483871,True
uncapped_loop,61,1891,61,61,61,1,61,1,0.9682539682539683,True
uncapped_loop,62,1953,62,62,62,1,62,1,0.96875,True
uncapped_loop,63,2016,63,63,63,1,63,1,0.9692307692307692,True
uncapped_loop,64,2080,64,64,64,1,64,1,0.9696969696969697,True
uncapped_loop,65,2145,65,65,65,1,65,1,0.9701492537313433,True
uncapped_loop,66,2211,66,66,66,1,66,1,0.9705882352941176,True
uncapped_loop,67,2278,67,67,67,1,67,1,0.9710144927536232,True
uncapped_loop,68,2346,68,68,68,1,68,1,0.9714285714285714,True
uncapped_loop,69,2415,69,69,69,1,69,1,0.971830985915493,True
uncapped_loop,70,2485,70,70,70,1,70,1,0.9722222222222222,True
uncapped_loop,71,2556,71,71,71,1,71,1,0.9726027397260274,True
uncapped_loop,72,2628,72,72,72,1,72,1,0.972972972972973,True
uncapped_loop,73,2701,73,73,73,1,73,1,0.9733333333333334,True
uncapped_loop,74,2775,74,74,74,1,74,1,0.9736842105263158,True
uncapped_loop,75,2850,75,75,75,1,75,1,0.974025974025974,True
uncapped_loop,76,2926,76,76,76,1,76,1,0.9743589743589743,True
uncapped_loop,77,3003,77,77,77,1,77,1,0.9746835443037974,True
uncapped_loop,78,3081,78,78,78,1,78,1,0.975,True
uncapped_loop,79,3160,79,79,79,1,79,1,0.9753086419753086,True
uncapped_loop,80,3240,80,80,80,1,80,1,0.975609756097561,True
finite_tiers_and_wallet,1,1,1,1,1,1,1,1,0.3333333333333333,False
finite_tiers_and_wallet,2,1,1,1,2,1,2,1,0.5,False
finite_tiers_and_wallet,3,1,1,1,3,1,2,1,0.5,False
finite_tiers_and_wallet,4,1,1,1,4,1,2,1,0.5,False
finite_tiers_and_wallet,5,1,1,1,5,1,2,1,0.5,False
finite_tiers_and_wallet,6,1,1,1,6,1,2,1,0.5,False
finite_tiers_and_wallet,7,1,1,1,7,1,2,1,0.5,False
finite_tiers_and_wallet,8,1,1,1,8,1,2,1,0.5,False
finite_tiers_and_wallet,9,1,1,1,9,1,2,1,0.5,False
finite_tiers_and_wallet,10,1,1,1,10,1,2,1,0.5,False
finite_tiers_and_wallet,11,1,1,1,11,1,2,1,0.5,False
finite_tiers_and_wallet,12,1,1,1,12,1,2,1,0.5,False
finite_tiers_and_wallet,13,1,1,1,13,1,2,1,0.5,False
finite_tiers_and_wallet,14,1,1,1,14,1,2,1,0.5,False
finite_tiers_and_wallet,15,1,1,1,15,1,2,1,0.5,False
finite_tiers_and_wallet,16,1,1,1,16,1,2,1,0.5,False
finite_tiers_and_wallet,17,1,1,1,17,1,2,1,0.5,False
finite_tiers_and_wallet,18,1,1,1,18,1,2,1,0.5,False
finite_tiers_and_wallet,19,1,1,1,19,1,2,1,0.5,False
finite_tiers_and_wallet,20,1,1,1,20,1,2,1,0.5,False
finite_tiers_and_wallet,21,1,1,1,21,1,2,1,0.5,False
finite_tiers_and_wallet,22,1,1,1,22,1,2,1,0.5,False
finite_tiers_and_wallet,23,1,1,1,23,1,2,1,0.5,False
finite_tiers_and_wallet,24,1,1,1,24,1,2,1,0.5,False
finite_tiers_and_wallet,25,1,1,1,25,1,2,1,0.5,False
finite_tiers_and_wallet,26,1,1,1,26,1,2,1,0.5,False
finite_tiers_and_wallet,27,1,1,1,27,1,2,1,0.5,False
finite_tiers_and_wallet,28,1,1,1,28,1,2,1,0.5,False
finite_tiers_and_wallet,29,1,1,1,29,1,2,1,0.5,False
finite_tiers_and_wallet,30,1,1,1,30,1,2,1,0.5,False
finite_tiers_and_wallet,31,1,1,1,31,1,2,1,0.5,False
finite_tiers_and_wallet,32,1,1,1,32,1,2,1,0.5,False
finite_tiers_and_wallet,33,1,1,1,33,1,2,1,0.5,False
finite_tiers_and_wallet,34,1,1,1,34,1,2,1,0.5,False
finite_tiers_and_wallet,35,1,1,1,35,1,2,1,0.5,False
finite_tiers_and_wallet,36,1,1,1,36,1,2,1,0.5,False
finite_tiers_and_wallet,37,1,1,1,37,1,2,1,0.5,False
finite_tiers_and_wallet,38,1,1,1,38,1,2,1,0.5,False
finite_tiers_and_wallet,39,1,1,1,39,1,2,1,0.5,False
finite_tiers_and_wallet,40,1,1,1,40,1,2,1,0.5,False
finite_tiers_and_wallet,41,1,1,1,41,1,2,1,0.5,False
finite_tiers_and_wallet,42,1,1,1,42,1,2,1,0.5,False
finite_tiers_and_wallet,43,1,1,1,43,1,2,1,0.5,False
finite_tiers_and_wallet,44,1,1,1,44,1,2,1,0.5,False
finite_tiers_and_wallet,45,1,1,1,45,1,2,1,0.5,False
finite_tiers_and_wallet,46,1,1,1,46,1,2,1,0.5,False
finite_tiers_and_wallet,47,1,1,1,47,1,2,1,0.5,False
finite_tiers_and_wallet,48,1,1,1,48,1,2,1,0.5,False
finite_tiers_and_wallet,49,1,1,1,49,1,2,1,0.5,False
finite_tiers_and_wallet,50,1,1,1,50,1,2,1,0.5,False
finite_tiers_and_wallet,51,1,1,1,51,1,2,1,0.5,False
finite_tiers_and_wallet,52,1,1,1,52,1,2,1,0.5,False
finite_tiers_and_wallet,53,1,1,1,53,1,2,1,0.5,False
finite_tiers_and_wallet,54,1,1,1,54,1,2,1,0.5,False
finite_tiers_and_wallet,55,1,1,1,55,1,2,1,0.5,False
finite_tiers_and_wallet,56,1,1,1,56,1,2,1,0.5,False
finite_tiers_and_wallet,57,1,1,1,57,1,2,1,0.5,False
finite_tiers_and_wallet,58,1,1,1,58,1,2,1,0.5,False
finite_tiers_and_wallet,59,1,1,1,59,1,2,1,0.5,False
finite_tiers_and_wallet,60,1,1,1,60,1,2,1,0.5,False
finite_tiers_and_wallet,61,1,1,1,61,1,2,1,0.5,False
finite_tiers_and_wallet,62,1,1,1,62,1,2,1,0.5,False
finite_tiers_and_wallet,63,1,1,1,63,1,2,1,0.5,False
finite_tiers_and_wallet,64,1,1,1,64,1,2,1,0.5,False
finite_tiers_and_wallet,65,1,1,1,65,1,2,1,0.5,False
finite_tiers_and_wallet,66,1,1,1,66,1,2,1,0.5,False
finite_tiers_and_wallet,67,1,1,1,67,1,2,1,0.5,False
finite_tiers_and_wallet,68,1,1,1,68,1,2,1,0.5,False
finite_tiers_and_wallet,69,1,1,1,69,1,2,1,0.5,False
finite_tiers_and_wallet,70,1,1,1,70,1,2,1,0.5,False
finite_tiers_and_wallet,71,1,1,1,71,1,2,1,0.5,False
finite_tiers_and_wallet,72,1,1,1,72,1,2,1,0.5,False
finite_tiers_and_wallet,73,1,1,1,73,1,2,1,0.5,False
finite_tiers_and_wallet,74,1,1,1,74,1,2,1,0.5,False
finite_tiers_and_wallet,75,1,1,1,75,1,2,1,0.5,False
finite_tiers_and_wallet,76,1,1,1,76,1,2,1,0.5,False
finite_tiers_and_wallet,77,1,1,1,77,1,2,1,0.5,False
finite_tiers_and_wallet,78,1,1,1,78,1,2,1,0.5,False
finite_tiers_and_wallet,79,1,1,1,79,1,2,1,0.5,False
finite_tiers_and_wallet,80,1,1,1,80,1,2,1,0.5,False
