tier,track,band,seed,seconds,position,hp,kills,qualified,wrecks,shots
Rookie,foundry,stock,0,81.89999999999664,5,0.0,1,true,4,297
Rookie,foundry,stock,1,76.48333333333028,1,33.703425064154835,1,true,3,371
Rookie,foundry,stock,2,79.36666666666345,4,0.0,2,true,3,173
Rookie,foundry,stock,3,78.54999999999683,2,68.10410259264293,0,true,2,230
Rookie,foundry,stock,4,79.78333333333009,3,0.0,0,true,4,203
Rookie,foundry,stock,5,81.89999999999664,5,0.0,1,true,4,297
Rookie,foundry,stock,6,76.48333333333028,1,33.703425064154835,1,true,3,371
Rookie,foundry,stock,7,79.36666666666345,4,0.0,2,true,3,173
Rookie,foundry,first,0,81.63333333332999,1,58.96000000000006,0,true,2,332
Rookie,foundry,first,1,78.09999999999685,1,78.4816628396379,0,true,2,99
Rookie,foundry,first,2,77.48333333333022,1,100.0,0,true,2,219
Rookie,foundry,first,3,79.23333333333012,5,0.0,0,true,3,327
Rookie,foundry,first,4,79.39999999999678,5,0.0,0,true,3,290
Rookie,foundry,first,5,81.63333333332999,1,58.96000000000006,0,true,2,332
Rookie,foundry,first,6,78.09999999999685,1,78.4816628396379,0,true,2,99
Rookie,foundry,first,7,77.48333333333022,1,100.0,0,true,2,219
Rookie,foundry,developed,0,82.78333333332992,1,96.33558005037737,0,true,2,275
Rookie,foundry,developed,1,77.13333333333024,1,86.56,0,true,2,173
Rookie,foundry,developed,2,80.83333333333003,1,100.0,0,true,1,199
Rookie,foundry,developed,3,77.13333333333024,1,94.92830188679245,0,true,2,292
Rookie,foundry,developed,4,79.69999999999676,1,100.0,0,true,2,254
Rookie,foundry,developed,5,82.78333333332992,1,96.33558005037737,0,true,2,275
Rookie,foundry,developed,6,77.13333333333024,1,86.56,0,true,2,173
Rookie,foundry,developed,7,80.83333333333003,1,100.0,0,true,1,199
Rookie,switchback,stock,0,120.89999999999442,4,0.0,1,true,4,271
Rookie,switchback,stock,1,116.31666666666135,1,29.99368368728211,2,true,3,204
Rookie,switchback,stock,2,114.76666666666144,1,92.8,1,true,3,282
Rookie,switchback,stock,3,116.16666666666136,2,70.37541417609441,1,true,3,366
Rookie,switchback,stock,4,119.28333333332785,3,0.0,2,true,4,337
Rookie,switchback,stock,5,120.89999999999442,4,0.0,1,true,4,271
Rookie,switchback,stock,6,116.31666666666135,1,29.99368368728211,2,true,3,204
Rookie,switchback,stock,7,114.76666666666144,1,92.8,1,true,3,282
Rookie,switchback,first,0,122.59999999999432,1,57.140331757138895,1,true,2,122
Rookie,switchback,first,1,115.91666666666137,1,61.98400000000011,1,true,2,297
Rookie,switchback,first,2,113.24999999999486,1,100.0,0,true,2,127
Rookie,switchback,first,3,117.46666666666128,1,50.681465256046046,1,true,1,281
Rookie,switchback,first,4,119.48333333332783,5,0.0,0,true,3,227
Rookie,switchback,first,5,122.59999999999432,1,57.140331757138895,1,true,2,122
Rookie,switchback,first,6,115.91666666666137,1,61.98400000000011,1,true,2,297
Rookie,switchback,first,7,113.24999999999486,1,100.0,0,true,2,127
Rookie,switchback,developed,0,119.9833333333278,1,95.33806020066889,0,true,1,172
Rookie,switchback,developed,1,116.26666666666135,1,95.42700677858804,1,true,2,280
Rookie,switchback,developed,2,108.09999999999515,1,100.0,0,true,3,266
Rookie,switchback,developed,3,117.1666666666613,1,100.0,1,true,1,169
Rookie,switchback,developed,4,121.18333333332774,1,100.0,0,true,2,253
Rookie,switchback,developed,5,119.9833333333278,1,95.33806020066889,0,true,1,172
Rookie,switchback,developed,6,116.26666666666135,1,95.42700677858804,1,true,2,280
Rookie,switchback,developed,7,108.09999999999515,1,100.0,0,true,3,266
Rookie,redline,stock,0,117.13333333332797,1,26.97275846750973,0,true,3,358
Rookie,redline,stock,1,109.59999999999506,3,0.0,1,true,4,417
Rookie,redline,stock,2,110.0166666666617,1,47.26834319837589,1,true,3,466
Rookie,redline,stock,3,109.83333333332838,1,59.21672481248075,1,true,2,502
Rookie,redline,stock,4,112.29999999999491,5,0.0,0,true,3,410
Rookie,redline,stock,5,117.13333333332797,1,26.97275846750973,0,true,3,358
Rookie,redline,stock,6,109.59999999999506,3,0.0,1,true,4,417
Rookie,redline,stock,7,110.0166666666617,1,47.26834319837589,1,true,3,466
Rookie,redline,first,0,116.633333333328,1,59.59184740005021,0,true,3,266
Rookie,redline,first,1,107.56666666666185,1,13.183428571428571,0,true,3,135
Rookie,redline,first,2,110.1666666666617,1,100.0,0,true,1,302
Rookie,redline,first,3,109.83333333332838,1,72.62012332301993,1,true,2,235
Rookie,redline,first,4,112.5499999999949,5,0.0,0,true,3,267
Rookie,redline,first,5,116.633333333328,1,59.59184740005021,0,true,3,266
Rookie,redline,first,6,107.56666666666185,1,13.183428571428571,0,true,3,135
Rookie,redline,first,7,110.1666666666617,1,100.0,0,true,1,302
Rookie,redline,developed,0,116.56666666666133,1,78.33873523152779,0,true,3,262
Rookie,redline,developed,1,105.73333333332862,1,62.41091428666478,0,true,3,231
Rookie,redline,developed,2,109.11666666666176,1,100.0,0,true,3,217
Rookie,redline,developed,3,111.29999999999497,1,95.33806020066889,0,true,2,358
Rookie,redline,developed,4,113.54999999999484,1,95.93461298154068,0,true,3,190
Rookie,redline,developed,5,116.56666666666133,1,78.33873523152779,0,true,3,262
Rookie,redline,developed,6,105.73333333332862,1,62.41091428666478,0,true,3,231
Rookie,redline,developed,7,109.11666666666176,1,100.0,0,true,3,217
Rookie,runoff,stock,0,98.21666666666238,3,0.0,1,true,4,181
Rookie,runoff,stock,1,101.29999999999553,1,22.325630308296017,2,true,4,195
Rookie,runoff,stock,2,103.78333333332873,1,67.35999999999993,1,true,2,301
Rookie,runoff,stock,3,104.21666666666204,5,0.0,1,true,2,174
Rookie,runoff,stock,4,106.63333333332857,6,0.0,0,true,3,370
Rookie,runoff,stock,5,98.21666666666238,3,0.0,1,true,4,181
Rookie,runoff,stock,6,101.29999999999553,1,22.325630308296017,2,true,4,195
Rookie,runoff,stock,7,103.78333333332873,1,67.35999999999993,1,true,2,301
Rookie,runoff,first,0,107.66666666666184,1,53.63713720892595,0,true,2,221
Rookie,runoff,first,1,103.71666666666206,1,73.96523988108808,1,true,2,243
Rookie,runoff,first,2,104.51666666666202,1,99.45161684832375,1,true,3,204
Rookie,runoff,first,3,104.54999999999535,6,0.0,0,true,3,269
Rookie,runoff,first,4,109.24999999999508,5,0.0,0,true,3,270
Rookie,runoff,first,5,107.66666666666184,1,53.63713720892595,0,true,2,221
Rookie,runoff,first,6,103.71666666666206,1,73.96523988108808,1,true,2,243
Rookie,runoff,first,7,104.51666666666202,1,99.45161684832375,1,true,3,204
Rookie,runoff,developed,0,93.6333333333293,1,77.31034918408511,1,true,4,176
Rookie,runoff,developed,1,107.89999999999516,1,92.37567240704038,0,true,2,111
Rookie,runoff,developed,2,104.966666666662,1,100.0,0,true,2,196
Rookie,runoff,developed,3,105.06666666666199,1,100.0,0,true,2,212
Rookie,runoff,developed,4,107.84999999999516,1,55.44249581062634,0,true,2,196
Rookie,runoff,developed,5,93.6333333333293,1,77.31034918408511,1,true,4,176
Rookie,runoff,developed,6,107.89999999999516,1,92.37567240704038,0,true,2,111
Rookie,runoff,developed,7,104.966666666662,1,100.0,0,true,2,196
Rookie,crucible,stock,0,75.21666666666368,6,0.0,0,true,4,309
Rookie,crucible,stock,1,69.58333333333067,4,0.0,1,true,4,428
Rookie,crucible,stock,2,72.91666666666382,5,0.0,0,true,4,247
Rookie,crucible,stock,3,70.06666666666398,2,70.46053680782191,0,true,3,292
Rookie,crucible,stock,4,76.04999999999697,6,0.0,0,true,3,346
Rookie,crucible,stock,5,75.21666666666368,6,0.0,0,true,4,309
Rookie,crucible,stock,6,69.58333333333067,4,0.0,1,true,4,428
Rookie,crucible,stock,7,72.91666666666382,5,0.0,0,true,4,247
Rookie,crucible,first,0,69.0833333333307,1,74.08000000000008,0,true,2,251
Rookie,crucible,first,1,69.58333333333067,1,40.38400000000002,0,true,2,415
Rookie,crucible,first,2,70.7333333333306,1,100.0,0,true,1,317
Rookie,crucible,first,3,78.11666666666352,1,90.11781496341182,0,true,2,232
Rookie,crucible,first,4,68.76666666666405,4,0.0,1,true,3,246
Rookie,crucible,first,5,69.0833333333307,1,74.08000000000008,0,true,2,251
Rookie,crucible,first,6,69.58333333333067,1,40.38400000000002,0,true,2,415
Rookie,crucible,first,7,70.7333333333306,1,100.0,0,true,1,317
Rookie,crucible,developed,0,68.43333333333074,1,100.0,0,true,2,233
Rookie,crucible,developed,1,69.88333333333065,1,86.56,0,true,2,322
Rookie,crucible,developed,2,71.48333333333056,1,100.0,0,true,1,281
Rookie,crucible,developed,3,70.56666666666395,1,78.72544129591721,0,true,2,231
Rookie,crucible,developed,4,67.18333333333081,1,30.824277994237775,0,true,2,250
Rookie,crucible,developed,5,68.43333333333074,1,100.0,0,true,2,233
Rookie,crucible,developed,6,69.88333333333065,1,86.56,0,true,2,322
Rookie,crucible,developed,7,71.48333333333056,1,100.0,0,true,1,281
Club,foundry,stock,0,78.04999999999686,1,44.31999999999999,1,true,2,150
Club,foundry,stock,1,72.83333333333049,5,0.0,0,true,4,494
Club,foundry,stock,2,78.38333333333017,5,0.0,0,true,2,211
Club,foundry,stock,3,74.2833333333304,2,37.294290223812766,1,true,3,359
Club,foundry,stock,4,78.4666666666635,6,0.0,0,true,2,176
Club,foundry,stock,5,78.04999999999686,1,44.31999999999999,1,true,2,150
Club,foundry,stock,6,72.83333333333049,5,0.0,0,true,4,494
Club,foundry,stock,7,78.38333333333017,5,0.0,0,true,2,211
Club,foundry,first,0,77.1999999999969,4,0.0,0,true,3,128
Club,foundry,first,1,72.86666666666382,5,0.0,0,true,4,302
Club,foundry,first,2,77.01666666666358,1,100.0,0,true,2,173
Club,foundry,first,3,70.8833333333306,1,79.26584437300892,1,true,3,347
Club,foundry,first,4,76.78333333333026,5,0.0,0,true,3,319
Club,foundry,first,5,77.1999999999969,4,0.0,0,true,3,128
Club,foundry,first,6,72.86666666666382,5,0.0,0,true,4,302
Club,foundry,first,7,77.01666666666358,1,100.0,0,true,2,173
Club,foundry,developed,0,77.1999999999969,1,18.5380602006689,0,true,1,330
Club,foundry,developed,1,72.5833333333305,1,17.90214484179254,0,true,2,309
Club,foundry,developed,2,77.53333333333022,1,100.0,0,true,2,215
Club,foundry,developed,3,69.84999999999732,1,35.23458845798744,0,true,2,251
Club,foundry,developed,4,78.68333333333015,1,46.41757235531892,1,true,2,189
Club,foundry,developed,5,77.1999999999969,1,18.5380602006689,0,true,1,330
Club,foundry,developed,6,72.5833333333305,1,17.90214484179254,0,true,2,309
Club,foundry,developed,7,77.53333333333022,1,100.0,0,true,2,215
Club,switchback,stock,0,115.71666666666138,2,51.08561452457972,0,true,2,392
Club,switchback,stock,1,97.96666666666239,1,29.861970102846787,1,true,4,254
Club,switchback,stock,2,110.13333333332837,4,0.0,0,true,3,452
Club,switchback,stock,3,103.48333333332874,2,100.0,0,true,3,171
Club,switchback,stock,4,108.24999999999514,6,0.0,0,true,4,192
Club,switchback,stock,5,115.71666666666138,2,51.08561452457972,0,true,2,392
Club,switchback,stock,6,97.96666666666239,1,29.861970102846787,1,true,4,254
Club,switchback,stock,7,110.13333333332837,4,0.0,0,true,3,452
Club,switchback,first,0,116.29999999999468,1,47.13673923946019,0,true,2,125
Club,switchback,first,1,112.03333333332826,1,83.03766826214539,0,true,2,196
Club,switchback,first,2,113.21666666666152,1,100.0,1,true,2,208
Club,switchback,first,3,104.58333333332868,1,38.51703550638996,1,true,2,342
Club,switchback,first,4,114.63333333332811,4,0.0,1,true,3,196
Club,switchback,first,5,116.29999999999468,1,47.13673923946019,0,true,2,125
Club,switchback,first,6,112.03333333332826,1,83.03766826214539,0,true,2,196
Club,switchback,first,7,113.21666666666152,1,100.0,1,true,2,208
Club,switchback,developed,0,116.483333333328,1,77.35470338544592,0,true,2,207
Club,switchback,developed,1,111.06666666666165,1,98.43106961803133,0,true,3,178
Club,switchback,developed,2,105.38333333332864,1,100.0,0,true,2,231
Club,switchback,developed,3,112.09999999999492,1,100.0,1,true,2,229
Club,switchback,developed,4,116.23333333332802,1,94.59824307670071,1,true,2,114
Club,switchback,developed,5,116.483333333328,1,77.35470338544592,0,true,2,207
Club,switchback,developed,6,111.06666666666165,1,98.43106961803133,0,true,3,178
Club,switchback,developed,7,105.38333333332864,1,100.0,0,true,2,231
Club,redline,stock,0,114.76666666666144,1,38.013589217744226,0,true,3,290
Club,redline,stock,1,105.73333333332862,1,50.048475529433446,1,true,3,211
Club,redline,stock,2,99.28333333332898,1,100.0,0,true,3,265
Club,redline,stock,3,106.31666666666192,2,100.0,0,true,2,529
Club,redline,stock,4,110.38333333332835,2,69.76562242251222,0,true,3,471
Club,redline,stock,5,114.76666666666144,1,38.013589217744226,0,true,3,290
Club,redline,stock,6,105.73333333332862,1,50.048475529433446,1,true,3,211
Club,redline,stock,7,99.28333333332898,1,100.0,0,true,3,265
Club,redline,first,0,112.64999999999489,1,64.15942857142856,1,true,3,223
Club,redline,first,1,106.28333333332859,1,58.97542857142858,1,true,3,199
Club,redline,first,2,107.04999999999521,1,94.39942857142857,0,true,3,324
Club,redline,first,3,107.7333333333285,1,55.90715596633472,0,true,2,326
Club,redline,first,4,112.59999999999489,6,0.0,0,true,3,457
Club,redline,first,5,112.64999999999489,1,64.15942857142856,1,true,3,223
Club,redline,first,6,106.28333333332859,1,58.97542857142858,1,true,3,199
Club,redline,first,7,107.04999999999521,1,94.39942857142857,0,true,3,324
Club,redline,developed,0,115.11666666666142,1,90.26636208746135,0,true,4,276
Club,redline,developed,1,105.06666666666199,1,81.8980602006689,0,true,3,213
Club,redline,developed,2,107.59999999999518,1,100.0,0,true,2,264
Club,redline,developed,3,108.19999999999514,1,100.0,0,true,1,347
Club,redline,developed,4,109.5833333333284,1,100.0,0,true,2,349
Club,redline,developed,5,115.11666666666142,1,90.26636208746135,0,true,4,276
Club,redline,developed,6,105.06666666666199,1,81.8980602006689,0,true,3,213
Club,redline,developed,7,107.59999999999518,1,100.0,0,true,2,264
Club,runoff,stock,0,103.28333333332876,1,51.24035982157405,2,true,3,203
Club,runoff,stock,1,97.8666666666624,3,0.0,2,true,4,205
Club,runoff,stock,2,98.24999999999571,4,0.0,0,true,3,224
Club,runoff,stock,3,100.48333333332891,4,0.0,0,true,3,132
Club,runoff,stock,4,101.06666666666221,6,0.0,0,true,3,298
Club,runoff,stock,5,103.28333333332876,1,51.24035982157405,2,true,3,203
Club,runoff,stock,6,97.8666666666624,3,0.0,2,true,4,205
Club,runoff,stock,7,98.24999999999571,4,0.0,0,true,3,224
Club,runoff,first,0,101.46666666666219,1,72.98109182070137,1,true,2,202
Club,runoff,first,1,98.59999999999569,1,49.125286951176044,1,true,3,160
Club,runoff,first,2,98.91666666666234,1,100.0,0,true,3,261
Club,runoff,first,3,99.63333333332896,3,0.0,1,true,4,307
Club,runoff,first,4,102.49999999999547,5,0.0,0,true,3,460
Club,runoff,first,5,101.46666666666219,1,72.98109182070137,1,true,2,202
Club,runoff,first,6,98.59999999999569,1,49.125286951176044,1,true,3,160
Club,runoff,first,7,98.91666666666234,1,100.0,0,true,3,261
Club,runoff,developed,0,103.46666666666208,1,65.69506163202196,0,true,2,183
Club,runoff,developed,1,99.39999999999564,1,88.82661182000331,1,true,2,189
Club,runoff,developed,2,97.44999999999575,1,100.0,0,true,3,143
Club,runoff,developed,3,99.83333333332895,1,100.0,1,true,2,222
Club,runoff,developed,4,101.68333333332885,1,83.51254216704059,0,true,3,261
Club,runoff,developed,5,103.46666666666208,1,65.69506163202196,0,true,2,183
Club,runoff,developed,6,99.39999999999564,1,88.82661182000331,1,true,2,189
Club,runoff,developed,7,97.44999999999575,1,100.0,0,true,3,143
Club,crucible,stock,0,62.63333333333106,1,0.5214362467685567,2,true,4,231
Club,crucible,stock,1,70.1999999999973,6,0.0,0,true,4,225
Club,crucible,stock,2,64.4166666666643,1,40.7416497628406,0,true,4,146
Club,crucible,stock,3,66.2166666666642,5,0.0,0,true,4,229
Club,crucible,stock,4,66.23333333333086,6,0.0,0,true,4,365
Club,crucible,stock,5,62.63333333333106,1,0.5214362467685567,2,true,4,231
Club,crucible,stock,6,70.1999999999973,6,0.0,0,true,4,225
Club,crucible,stock,7,64.4166666666643,1,40.7416497628406,0,true,4,146
Club,crucible,first,0,64.3666666666643,1,41.27043220923,0,true,3,205
Club,crucible,first,1,67.3833333333308,5,0.0,1,true,4,233
Club,crucible,first,2,67.8666666666641,4,0.0,0,true,3,174
Club,crucible,first,3,65.49999999999757,4,0.0,0,true,4,289
Club,crucible,first,4,65.06666666666426,5,0.0,0,true,4,339
Club,crucible,first,5,64.3666666666643,1,41.27043220923,0,true,3,205
Club,crucible,first,6,67.3833333333308,5,0.0,1,true,4,233
Club,crucible,first,7,67.8666666666641,4,0.0,0,true,3,174
Club,crucible,developed,0,63.83333333333099,1,42.293338206405046,0,true,3,217
Club,crucible,developed,1,70.31666666666396,5,0.0,0,true,2,302
Club,crucible,developed,2,66.93333333333082,1,33.73303631961259,0,true,3,158
Club,crucible,developed,3,62.28333333333108,1,47.48969042326914,0,true,3,222
Club,crucible,developed,4,63.99999999999765,4,0.0,0,true,3,318
Club,crucible,developed,5,63.83333333333099,1,42.293338206405046,0,true,3,217
Club,crucible,developed,6,70.31666666666396,5,0.0,0,true,2,302
Club,crucible,developed,7,66.93333333333082,1,33.73303631961259,0,true,3,158
Pro,foundry,stock,0,76.31666666666362,1,14.831258353874022,1,true,3,388
Pro,foundry,stock,1,72.59999999999717,3,0.0,1,true,4,408
Pro,foundry,stock,2,38.26666666666578,5,0.0,1,true,5,276
Pro,foundry,stock,3,71.56666666666389,5,0.0,0,true,3,303
Pro,foundry,stock,4,74.76666666666371,5,0.0,1,true,2,309
Pro,foundry,stock,5,76.31666666666362,1,14.831258353874022,1,true,3,388
Pro,foundry,stock,6,72.59999999999717,3,0.0,1,true,4,408
Pro,foundry,stock,7,38.26666666666578,5,0.0,1,true,5,276
Pro,foundry,first,0,75.58333333333033,1,28.30997448283709,0,true,2,228
Pro,foundry,first,1,70.31666666666396,5,0.0,0,true,3,299
Pro,foundry,first,2,72.56666666666383,1,93.93177257525083,1,true,2,349
Pro,foundry,first,3,71.04999999999725,6,0.0,0,true,4,448
Pro,foundry,first,4,74.79999999999704,4,0.0,1,true,4,364
Pro,foundry,first,5,75.58333333333033,1,28.30997448283709,0,true,2,228
Pro,foundry,first,6,70.31666666666396,5,0.0,0,true,3,299
Pro,foundry,first,7,72.56666666666383,1,93.93177257525083,1,true,2,349
Pro,foundry,developed,0,75.33333333333034,1,44.18636208746135,0,true,2,225
Pro,foundry,developed,1,70.7333333333306,1,25.120000000000005,0,true,3,278
Pro,foundry,developed,2,72.5333333333305,1,86.56,0,true,2,401
Pro,foundry,developed,3,72.31666666666385,1,66.47729276477986,0,true,4,306
Pro,foundry,developed,4,75.31666666666368,5,0.0,0,true,4,393
Pro,foundry,developed,5,75.33333333333034,1,44.18636208746135,0,true,2,225
Pro,foundry,developed,6,70.7333333333306,1,25.120000000000005,0,true,3,278
Pro,foundry,developed,7,72.5333333333305,1,86.56,0,true,2,401
Pro,switchback,stock,0,112.84999999999488,5,0.0,0,true,2,384
Pro,switchback,stock,1,110.73333333332833,4,0.0,0,true,3,326
Pro,switchback,stock,2,103.5999999999954,2,20.60706211563734,1,true,4,472
Pro,switchback,stock,3,101.18333333332887,5,0.0,0,true,4,318
Pro,switchback,stock,4,110.29999999999502,6,0.0,0,true,3,239
Pro,switchback,stock,5,112.84999999999488,5,0.0,0,true,2,384
Pro,switchback,stock,6,110.73333333332833,4,0.0,0,true,3,326
Pro,switchback,stock,7,103.5999999999954,2,20.60706211563734,1,true,4,472
Pro,switchback,first,0,117.23333333332796,1,37.8868746615722,1,true,3,159
Pro,switchback,first,1,110.19999999999503,1,75.52036330055952,2,true,3,218
Pro,switchback,first,2,99.21666666666232,1,100.0,0,true,3,340
Pro,switchback,first,3,110.93333333332832,4,0.0,0,true,3,314
Pro,switchback,first,4,110.34999999999502,3,0.0,1,true,4,213
Pro,switchback,first,5,117.23333333332796,1,37.8868746615722,1,true,3,159
Pro,switchback,first,6,110.19999999999503,1,75.52036330055952,2,true,3,218
Pro,switchback,first,7,99.21666666666232,1,100.0,0,true,3,340
Pro,switchback,developed,0,111.9166666666616,1,70.04976914096024,0,true,2,202
Pro,switchback,developed,1,106.83333333332855,1,100.0,0,true,3,321
Pro,switchback,developed,2,101.34999999999553,1,100.0,0,true,2,360
Pro,switchback,developed,3,108.21666666666181,1,100.0,0,true,3,212
Pro,switchback,developed,4,109.78333333332839,1,100.0,0,true,2,182
Pro,switchback,developed,5,111.9166666666616,1,70.04976914096024,0,true,2,202
Pro,switchback,developed,6,106.83333333332855,1,100.0,0,true,3,321
Pro,switchback,developed,7,101.34999999999553,1,100.0,0,true,2,360
Pro,redline,stock,0,112.19999999999492,2,8.668869665346321,1,true,3,296
Pro,redline,stock,1,105.96666666666194,4,0.0,1,true,4,271
Pro,redline,stock,2,105.3999999999953,4,0.0,0,true,4,322
Pro,redline,stock,3,99.94999999999561,1,44.183545597897194,3,true,4,510
Pro,redline,stock,4,107.79999999999517,6,0.0,0,true,3,277
Pro,redline,stock,5,112.19999999999492,2,8.668869665346321,1,true,3,296
Pro,redline,stock,6,105.96666666666194,4,0.0,1,true,4,271
Pro,redline,stock,7,105.3999999999953,4,0.0,0,true,4,322
Pro,redline,first,0,110.23333333332836,1,67.61062971810797,0,true,3,238
Pro,redline,first,1,105.84999999999528,1,50.711545150501685,0,true,2,224
Pro,redline,first,2,106.6166666666619,1,100.0,1,true,3,350
Pro,redline,first,3,105.71666666666195,1,78.1794952320883,1,true,2,418
Pro,redline,first,4,108.04999999999515,5,0.0,0,true,2,233
Pro,redline,first,5,110.23333333332836,1,67.61062971810797,0,true,3,238
Pro,redline,first,6,105.84999999999528,1,50.711545150501685,0,true,2,224
Pro,redline,first,7,106.6166666666619,1,100.0,1,true,3,350
Pro,redline,developed,0,108.69999999999511,1,97.1096033575712,1,true,2,205
Pro,redline,developed,1,102.66666666666212,1,81.48830188679246,0,true,3,152
Pro,redline,developed,2,106.7166666666619,1,100.0,0,true,1,242
Pro,redline,developed,3,105.3999999999953,1,100.0,1,true,2,171
Pro,redline,developed,4,106.88333333332855,1,100.0,0,true,1,243
Pro,redline,developed,5,108.69999999999511,1,97.1096033575712,1,true,2,205
Pro,redline,developed,6,102.66666666666212,1,81.48830188679246,0,true,3,152
Pro,redline,developed,7,106.7166666666619,1,100.0,0,true,1,242
Pro,runoff,stock,0,101.04999999999555,1,43.357010752371934,1,true,3,377
Pro,runoff,stock,1,93.98333333332928,5,0.0,0,true,4,283
Pro,runoff,stock,2,95.08333333332922,6,0.0,0,true,3,298
Pro,runoff,stock,3,95.66666666666252,2,39.09303410039351,0,true,3,349
Pro,runoff,stock,4,98.14999999999571,6,0.0,0,true,4,345
Pro,runoff,stock,5,101.04999999999555,1,43.357010752371934,1,true,3,377
Pro,runoff,stock,6,93.98333333332928,5,0.0,0,true,4,283
Pro,runoff,stock,7,95.08333333332922,6,0.0,0,true,3,298
Pro,runoff,first,0,98.24999999999571,1,66.69837760660853,0,true,2,217
Pro,runoff,first,1,93.03333333332934,1,41.31866203232707,1,true,3,245
Pro,runoff,first,2,95.33333333332921,1,75.42400000000023,1,true,2,376
Pro,runoff,first,3,95.14999999999588,1,100.0,1,true,3,249
Pro,runoff,first,4,99.86666666666228,4,0.0,0,true,3,199
Pro,runoff,first,5,98.24999999999571,1,66.69837760660853,0,true,2,217
Pro,runoff,first,6,93.03333333332934,1,41.31866203232707,1,true,3,245
Pro,runoff,first,7,95.33333333332921,1,75.42400000000023,1,true,2,376
Pro,runoff,developed,0,98.76666666666235,1,71.2,0,true,1,322
Pro,runoff,developed,1,92.88333333332935,1,91.55423614279597,0,true,3,195
Pro,runoff,developed,2,95.09999999999589,1,100.0,1,true,1,287
Pro,runoff,developed,3,97.43333333332909,1,87.31250832400133,0,true,3,250
Pro,runoff,developed,4,98.78333333332901,1,22.763106147465688,1,true,2,275
Pro,runoff,developed,5,98.76666666666235,1,71.2,0,true,1,322
Pro,runoff,developed,6,92.88333333332935,1,91.55423614279597,0,true,3,195
Pro,runoff,developed,7,95.09999999999589,1,100.0,1,true,1,287
Pro,crucible,stock,0,59.91666666666455,4,0.0,0,true,4,311
Pro,crucible,stock,1,31.566666666666155,2,0.0,1,true,5,285
Pro,crucible,stock,2,63.16666666666436,5,0.0,0,true,4,294
Pro,crucible,stock,3,65.69999999999756,6,0.0,1,true,4,166
Pro,crucible,stock,4,61.049999999997816,5,0.0,0,true,4,303
Pro,crucible,stock,5,59.91666666666455,4,0.0,0,true,4,311
Pro,crucible,stock,6,31.566666666666155,2,0.0,1,true,5,285
Pro,crucible,stock,7,63.16666666666436,5,0.0,0,true,4,294
Pro,crucible,first,0,72.46666666666384,3,0.0,0,true,4,184
Pro,crucible,first,1,69.23333333333069,5,0.0,1,true,4,236
Pro,crucible,first,2,65.31666666666425,1,73.40472042480059,3,true,4,172
Pro,crucible,first,3,65.83333333333088,1,71.05630183899629,0,true,4,356
Pro,crucible,first,4,64.88333333333094,1,14.198003378595033,0,true,3,312
Pro,crucible,first,5,72.46666666666384,3,0.0,0,true,4,184
Pro,crucible,first,6,69.23333333333069,5,0.0,1,true,4,236
Pro,crucible,first,7,65.31666666666425,1,73.40472042480059,3,true,4,172
Pro,crucible,developed,0,70.68333333333061,1,17.002060200668897,0,true,3,203
Pro,crucible,developed,1,66.36666666666419,5,0.0,0,true,3,381
Pro,crucible,developed,2,66.61666666666417,1,29.82485361093039,0,true,3,231
Pro,crucible,developed,3,64.86666666666427,1,24.72590193237101,0,true,4,248
Pro,crucible,developed,4,68.29999999999741,4,0.0,0,true,4,341
Pro,crucible,developed,5,70.68333333333061,1,17.002060200668897,0,true,3,203
Pro,crucible,developed,6,66.36666666666419,5,0.0,0,true,3,381
Pro,crucible,developed,7,66.61666666666417,1,29.82485361093039,0,true,3,231
