scenario,class,entries,wins,winPerEntry,kills,killShare
foundry-stock,Needle,2400,693,0.28875,716,0.12189308818522301
foundry-stock,Line,2400,620,0.25833333333333336,1339,0.22795369424582906
foundry-stock,Bastion,2400,28,0.011666666666666667,1474,0.250936329588015
foundry-stock,Comet,2400,36,0.015,1179,0.2007150153217569
foundry-stock,Trail,2400,623,0.25958333333333333,1166,0.19850187265917604
switchback-stock,Needle,2400,660,0.275,982,0.15474314528837063
switchback-stock,Line,2400,588,0.245,1818,0.2864796722344784
switchback-stock,Bastion,2400,18,0.0075,1128,0.17774976363063347
switchback-stock,Comet,2400,159,0.06625,1212,0.19098644815631893
switchback-stock,Trail,2400,575,0.23958333333333334,1206,0.19004097069019854
redline-stock,Needle,2400,543,0.22625,950,0.1706791232482932
redline-stock,Line,2400,247,0.10291666666666667,1696,0.3047071505569529
redline-stock,Bastion,2400,2,8.333333333333334E-4,1020,0.18325547969816744
redline-stock,Comet,2400,1073,0.44708333333333333,757,0.13600431189363996
redline-stock,Trail,2400,135,0.05625,1143,0.20535393460294646
runoff-stock,Needle,2400,625,0.2604166666666667,664,0.10625700112017923
runoff-stock,Line,2400,430,0.17916666666666667,1576,0.252200352056329
runoff-stock,Bastion,2400,11,0.004583333333333333,1372,0.2195551288206113
runoff-stock,Comet,2400,169,0.07041666666666667,1170,0.1872299567930869
runoff-stock,Trail,2400,765,0.31875,1467,0.23475756120979357
crucible-stock,Needle,2400,569,0.23708333333333334,590,0.07746848739495799
crucible-stock,Line,2400,542,0.22583333333333333,1830,0.24028361344537816
crucible-stock,Bastion,2400,238,0.09916666666666667,2158,0.28335084033613445
crucible-stock,Comet,2400,289,0.12041666666666667,1527,0.20049894957983194
crucible-stock,Trail,2400,362,0.15083333333333335,1511,0.19839810924369747
mixed-upgraded,Needle,2400,411,0.17125,534,0.11669580419580419
mixed-upgraded,Line,2400,389,0.16208333333333333,1320,0.28846153846153844
mixed-upgraded,Bastion,2400,403,0.16791666666666666,965,0.21088286713286714
mixed-upgraded,Comet,2400,381,0.15875,729,0.15930944055944055
mixed-upgraded,Trail,2400,416,0.17333333333333334,1028,0.22465034965034966
