class,profile,surface,exercise,requestedEntryMps,entryMps,releaseSeconds,peakSlipDeg,releaseSlipDeg,retainedAtRelease,rotationSeconds,recoverySeconds,firstSpinSeconds,observedSpinDeg,spinEvents,exitSpeedMps,finalSpeedMps,driftSeconds,peakQuality,distanceM,speedAfterOneSecondMps
Needle,Balanced,Asphalt,STEER_STEP,14.0,14.0,1.0,8.229391,8.198151,0.948978,0.333333,0.516667,,,0,5.112136,0.261784,0.0,0.0,48.663476,13.285689
Needle,Balanced,Asphalt,POWER_OVER,14.0,14.0,1.0,30.25808,16.989854,1.246355,0.333333,,,,0,24.330523,28.0,7.25,0.771909,187.364413,17.448968
Needle,Balanced,Asphalt,HANDBRAKE,14.0,14.0,1.0,40.784939,32.97347,0.773636,0.366667,1.1,,,0,9.955289,11.354214,1.133333,0.3726,83.190422,10.830901
Needle,Balanced,Asphalt,EARLY_CATCH,14.0,14.0,0.65,19.064831,18.498557,0.875069,0.366667,0.733333,,,0,11.675949,12.067915,0.416667,0.042427,94.313064,11.058105
Needle,Balanced,Asphalt,LATE_CATCH,14.0,14.0,1.6,140.345493,90.920169,0.476005,0.366667,1.333333,1.466667,69.68604,1,2.390092,8.2163,1.316667,0.508733,45.505175,10.830901
Needle,Balanced,Asphalt,PASSIVE_RELEASE,14.0,14.0,1.0,33.49706,32.97347,0.773636,0.366667,0.916667,,,0,9.609891,11.210949,0.983333,0.34247,80.941707,10.830901
Needle,Balanced,Asphalt,OVERHOLD,14.0,14.0,2.5,117.929614,103.844358,0.317412,0.366667,1.016667,1.466667,69.68604,1,2.136705,8.111199,2.0,0.508733,47.497393,10.830901
Needle,Balanced,Asphalt,LIFT_OFF,14.0,14.0,1.0,20.450024,16.989854,1.246355,0.333333,,,,0,5.895494,5.927645,7.033333,0.190392,62.16357,17.448968
Needle,Balanced,Asphalt,BRAKE_CORNER,14.0,14.0,1.0,32.223414,8.198151,0.948978,0.333333,1.1,,,0,8.166135,8.150641,5.683333,0.180663,61.743592,13.285689
Needle,Balanced,Asphalt,CHICANE,14.0,14.0,1.0,11.780532,9.676709,0.829138,0.366667,1.55,,,0,10.388056,11.533719,0.0,0.0,86.937758,11.607935
Needle,Balanced,Asphalt,EQUAL_COAST,14.0,14.0,0.0,34.074324,34.377468,1.0,,0.85,,,0,2.812456,0.0,0.45,0.128634,29.771772,8.410408
Needle,Balanced,Asphalt,EQUAL_CATCH,14.0,14.0,0.0,34.033834,34.377468,1.0,,0.9,,,0,3.3546,0.0,0.45,0.118976,34.18569,9.459345
Needle,Balanced,Asphalt,STEER_STEP,22.0,22.0,1.0,22.612771,22.209725,0.868024,0.35,0.75,,,0,7.479814,1.243856,0.833333,0.195767,72.226526,19.096531
Needle,Balanced,Asphalt,POWER_OVER,22.0,22.0,1.0,30.252143,25.466761,1.082275,0.35,,,,0,28.0,28.0,7.533333,0.771695,213.867444,23.810056
Needle,Balanced,Asphalt,HANDBRAKE,22.0,22.0,1.0,173.770405,54.764482,0.823174,0.366667,1.933333,1.133333,68.307865,1,2.532041,8.275178,1.616667,0.424706,57.480267,18.109818
Needle,Balanced,Asphalt,EARLY_CATCH,22.0,22.0,0.65,38.07971,27.869657,0.89498,0.366667,1.266667,,,0,14.332278,13.169715,1.066667,0.398866,120.400494,17.5928
Needle,Balanced,Asphalt,LATE_CATCH,22.0,22.0,1.6,179.999596,147.376278,0.589798,0.366667,2.716667,1.116667,68.660885,1,1.501176,6.602268,2.833333,0.424706,58.179432,18.109818
Needle,Balanced,Asphalt,PASSIVE_RELEASE,22.0,22.0,1.0,180.0,54.764482,0.823174,0.366667,3.016667,1.133333,68.094969,1,0.611079,6.971465,2.483333,0.424706,53.817995,18.109818
Needle,Balanced,Asphalt,OVERHOLD,22.0,22.0,2.5,179.899245,55.553847,0.234624,0.366667,1.283333,1.116667,68.660885,1,7.850125,10.481028,2.55,0.424706,84.677219,18.109818
Needle,Balanced,Asphalt,LIFT_OFF,22.0,22.0,1.0,35.54479,25.466761,1.082275,0.35,,,,0,5.729616,5.927633,7.133333,0.684817,74.977622,23.810056
Needle,Balanced,Asphalt,BRAKE_CORNER,22.0,22.0,1.0,95.213736,22.209725,0.868024,0.35,,1.666667,69.435468,1,8.120668,8.150663,6.45,0.49621,72.682423,19.096531
Needle,Balanced,Asphalt,CHICANE,22.0,22.0,1.0,26.748242,26.586885,0.82278,0.366667,1.516667,,,0,12.813787,12.53987,1.083333,0.329203,112.278106,18.101153
Needle,Balanced,Asphalt,EQUAL_COAST,22.0,22.0,0.0,34.645492,34.377468,1.0,,1.2,,,0,5.326966,0.350892,0.8,0.275341,53.297989,13.275493
Needle,Balanced,Asphalt,EQUAL_CATCH,22.0,22.0,0.0,34.466745,34.377468,1.0,,1.1,,,0,6.469434,0.824768,0.65,0.18873,62.538802,15.485904
Needle,Balanced,Asphalt,STEER_STEP,30.0,28.0,1.0,28.432676,27.428109,0.862114,0.35,0.95,,,0,9.542558,2.099447,1.133333,0.349036,92.34158,24.139203
Needle,Balanced,Asphalt,POWER_OVER,30.0,28.0,1.0,32.265452,28.744094,1.0,0.35,,,,0,28.0,28.0,7.6,0.839164,223.779981,28.0
Needle,Balanced,Asphalt,HANDBRAKE,30.0,28.0,1.0,180.0,62.065024,0.840607,0.366667,3.1,1.05,68.035466,1,0.8336,6.879167,2.6,0.409164,66.050843,23.536982
Needle,Balanced,Asphalt,EARLY_CATCH,30.0,28.0,0.65,59.452086,30.742662,0.901487,0.366667,2.266667,,,0,11.90664,12.163602,2.116667,0.483821,115.69841,22.501957
Needle,Balanced,Asphalt,LATE_CATCH,30.0,28.0,1.6,179.942703,163.102488,0.633534,0.366667,2.266667,1.05,68.375439,1,9.153125,11.021491,2.666667,0.409164,103.815052,23.536982
Needle,Balanced,Asphalt,PASSIVE_RELEASE,30.0,28.0,1.0,180.0,62.065024,0.840607,0.366667,4.866667,1.05,67.997242,1,6.18207,4.269842,4.366667,0.409164,71.819333,23.536982
Needle,Balanced,Asphalt,OVERHOLD,30.0,28.0,2.5,179.321947,45.753166,0.362253,0.366667,1.133333,1.05,68.375439,1,10.419142,11.546613,2.433333,0.409164,109.14699,23.536982
Needle,Balanced,Asphalt,LIFT_OFF,30.0,28.0,1.0,90.919825,28.744094,1.0,0.35,2.55,,,0,0.0,0.0,2.383333,0.777106,57.716444,28.0
Needle,Balanced,Asphalt,BRAKE_CORNER,30.0,28.0,1.0,138.701861,27.428109,0.862114,0.35,,1.65,69.132036,1,6.721286,8.150768,6.466667,0.613552,81.304506,24.139203
Needle,Balanced,Asphalt,CHICANE,30.0,28.0,1.0,34.953096,33.566758,0.835021,0.366667,1.533333,,,0,16.095781,13.901185,1.416667,0.49006,139.637122,23.380589
Needle,Balanced,Asphalt,EQUAL_COAST,30.0,28.0,0.0,39.883159,34.377468,1.0,0.583333,2.45,,,0,2.634689,0.0,2.05,0.590929,44.752796,16.670197
Needle,Balanced,Asphalt,EQUAL_CATCH,30.0,28.0,0.0,35.583156,34.377468,1.0,0.616667,1.5,,,0,8.51386,1.672761,1.05,0.397698,81.995947,19.633721
Line,Balanced,Asphalt,STEER_STEP,14.0,14.0,1.0,4.691252,2.448974,1.006359,0.466667,0.55,,,0,5.7485,0.525737,0.0,0.0,53.210406,14.089032
Line,Balanced,Asphalt,POWER_OVER,14.0,14.0,1.0,15.958748,3.083578,1.201685,0.466667,,,,0,21.554249,23.746249,4.816667,0.201002,165.45082,16.823591
Line,Balanced,Asphalt,HANDBRAKE,14.0,14.0,1.0,17.625242,17.616359,0.789556,0.483333,0.683333,,,0,9.576259,9.255973,0.45,0.043117,79.677444,11.053785
Line,Balanced,Asphalt,EARLY_CATCH,14.0,14.0,0.65,6.627744,5.979628,0.881361,0.483333,0.6,,,0,10.413231,9.603135,0.0,0.0,85.43269,11.707738
Line,Balanced,Asphalt,LATE_CATCH,14.0,14.0,1.6,26.957273,26.957273,0.61097,0.483333,0.7,,,0,8.031383,8.615185,1.066667,0.362851,70.581549,11.053785
Line,Balanced,Asphalt,PASSIVE_RELEASE,14.0,14.0,1.0,17.616359,17.616359,0.789556,0.483333,0.633333,,,0,9.577085,9.256315,0.4,0.041611,79.688591,11.053785
Line,Balanced,Asphalt,OVERHOLD,14.0,14.0,2.5,26.964219,7.77538,0.339718,0.483333,0.533333,,,0,5.734352,7.662416,1.683333,0.391178,59.492772,11.053785
Line,Balanced,Asphalt,LIFT_OFF,14.0,14.0,1.0,11.424252,3.083578,1.201685,0.466667,,,,0,6.794759,6.019816,0.0,0.0,69.521097,16.823591
Line,Balanced,Asphalt,BRAKE_CORNER,14.0,14.0,1.0,26.252775,2.448974,1.006359,0.466667,,,,0,8.246342,9.396144,5.416667,0.097294,68.611117,14.089032
Line,Balanced,Asphalt,CHICANE,14.0,14.0,1.0,7.390552,3.325658,0.898487,0.483333,1.566667,,,0,10.34045,9.572946,0.0,0.0,85.598752,12.578816
Line,Balanced,Asphalt,EQUAL_COAST,14.0,14.0,0.0,34.23448,34.377468,1.0,,1.0,,,0,2.679919,0.0,0.6,0.177167,28.91149,8.153979
Line,Balanced,Asphalt,EQUAL_CATCH,14.0,14.0,0.0,34.207461,34.377468,1.0,,1.016667,,,0,3.322357,0.0,0.583333,0.152376,34.00894,9.39697
Line,Balanced,Asphalt,STEER_STEP,22.0,22.0,1.0,7.262633,7.209876,0.898787,0.5,0.533333,,,0,8.478221,1.657978,0.0,0.0,79.062932,19.773304
Line,Balanced,Asphalt,POWER_OVER,22.0,22.0,1.0,16.881589,10.85378,1.037118,0.5,,,,0,24.139049,24.940935,6.766667,0.233785,191.2584,22.816588
Line,Balanced,Asphalt,HANDBRAKE,22.0,22.0,1.0,31.84379,29.402273,0.817777,0.483333,1.216667,,,0,12.373612,10.416267,1.166667,0.339406,107.016654,17.991087
Line,Balanced,Asphalt,EARLY_CATCH,22.0,22.0,0.65,15.908434,14.806185,0.885236,0.483333,0.716667,,,0,13.532402,10.896913,0.366667,0.020844,114.159151,17.771935
Line,Balanced,Asphalt,LATE_CATCH,22.0,22.0,1.6,178.127284,67.270005,0.679676,0.483333,2.066667,1.616667,68.961912,1,0.099749,5.24253,2.116667,0.591045,53.186287,17.991087
Line,Balanced,Asphalt,PASSIVE_RELEASE,22.0,22.0,1.0,31.65322,29.402273,0.817777,0.483333,1.216667,,,0,11.495849,10.052186,1.216667,0.441929,101.732069,17.991087
Line,Balanced,Asphalt,OVERHOLD,22.0,22.0,2.5,179.923713,170.609368,0.382181,0.483333,1.716667,1.616667,69.024585,1,1.55982,4.636918,2.633333,0.591045,56.029055,17.991087
Line,Balanced,Asphalt,LIFT_OFF,22.0,22.0,1.0,12.170224,10.85378,1.037118,0.5,,,,0,7.120998,6.027757,0.0,0.0,83.517096,22.816588
Line,Balanced,Asphalt,BRAKE_CORNER,22.0,22.0,1.0,25.790437,7.209876,0.898787,0.5,,,,0,8.427149,9.402841,6.25,0.093408,81.444074,19.773304
Line,Balanced,Asphalt,CHICANE,22.0,22.0,1.0,10.980413,10.654511,0.838984,0.483333,1.55,,,0,12.65746,10.534002,0.0,0.0,109.491488,18.457637
Line,Balanced,Asphalt,EQUAL_COAST,22.0,22.0,0.0,37.166619,34.377468,1.0,0.55,1.933333,,,0,3.466211,0.0,1.533333,0.525624,41.516925,12.500839
Line,Balanced,Asphalt,EQUAL_CATCH,22.0,22.0,0.0,35.199822,34.377468,1.0,0.583333,1.516667,,,0,6.126796,0.682647,1.066667,0.374956,60.215086,14.983026
Line,Balanced,Asphalt,STEER_STEP,30.0,30.0,1.0,12.926482,12.744221,0.86672,0.533333,0.666667,,,0,11.459379,2.894512,0.3,0.008107,106.847363,26.001609
Line,Balanced,Asphalt,POWER_OVER,30.0,30.0,1.0,18.797353,14.59914,0.974052,0.533333,,,,0,28.042779,27.038395,7.183333,0.298868,225.055015,29.221572
Line,Balanced,Asphalt,HANDBRAKE,30.0,30.0,1.0,62.398581,34.112483,0.834177,0.5,2.666667,,,0,8.386888,8.762642,2.733333,0.415547,103.776903,25.025295
Line,Balanced,Asphalt,EARLY_CATCH,30.0,30.0,0.65,20.426298,18.160254,0.88757,0.5,0.883333,,,0,16.760155,12.23573,0.566667,0.058922,143.744765,24.27366
Line,Balanced,Asphalt,LATE_CATCH,30.0,30.0,1.6,179.4157,85.132805,0.715873,0.5,3.133333,1.45,67.748405,1,2.698186,6.384474,2.966667,0.552885,85.112363,25.025295
Line,Balanced,Asphalt,PASSIVE_RELEASE,30.0,30.0,1.0,116.967032,34.112483,0.834177,0.5,2.866667,1.933333,68.19399,1,0.572719,5.521458,2.35,0.534223,71.024639,25.025295
Line,Balanced,Asphalt,OVERHOLD,30.0,30.0,2.5,179.629651,151.116014,0.446947,0.5,2.05,1.45,67.748405,1,8.052417,8.623892,3.15,0.552885,103.399044,25.025295
Line,Balanced,Asphalt,LIFT_OFF,30.0,30.0,1.0,17.515045,14.59914,0.974052,0.533333,,,,0,7.678526,6.041797,1.866667,0.169525,101.441908,29.221572
Line,Balanced,Asphalt,BRAKE_CORNER,30.0,30.0,1.0,29.099451,12.744221,0.86672,0.533333,,,,0,8.464201,9.404212,6.85,0.259054,96.574132,26.001609
Line,Balanced,Asphalt,CHICANE,30.0,30.0,1.0,16.542236,16.518333,0.834791,0.5,1.5,,,0,15.627829,11.766061,0.766667,0.090866,137.948683,25.043731
Line,Balanced,Asphalt,EQUAL_COAST,30.0,30.0,0.0,130.658814,34.377468,1.0,0.516667,3.216667,1.383333,67.88789,1,0.467673,0.0,2.2,0.450745,41.237295,19.197339
Line,Balanced,Asphalt,EQUAL_CATCH,30.0,30.0,0.0,57.448125,34.377468,1.0,0.516667,3.216667,,,0,1.645297,0.0,2.65,0.533148,50.893033,20.973346
Bastion,Balanced,Asphalt,STEER_STEP,14.0,14.0,1.0,6.783985,4.840971,1.023145,0.566667,0.566667,,,0,5.8904,0.584594,0.0,0.0,54.198174,14.324023
Bastion,Balanced,Asphalt,POWER_OVER,14.0,14.0,1.0,6.459275,2.333252,1.19412,0.566667,,,,0,22.874199,24.761732,0.0,0.0,172.489229,16.717678
Bastion,Balanced,Asphalt,HANDBRAKE,14.0,14.0,1.0,8.470051,6.727425,0.80199,0.55,0.65,,,0,9.418007,8.543324,0.0,0.0,78.462606,11.227859
Bastion,Balanced,Asphalt,EARLY_CATCH,14.0,14.0,0.65,5.723646,0.187294,0.888395,0.55,0.566667,,,0,10.02852,8.796554,0.0,0.0,82.757692,11.999524
Bastion,Balanced,Asphalt,LATE_CATCH,14.0,14.0,1.6,13.957675,13.957675,0.603337,0.55,0.65,,,0,7.829068,7.884259,0.466667,0.026433,68.762932,11.227859
Bastion,Balanced,Asphalt,PASSIVE_RELEASE,14.0,14.0,1.0,9.610868,6.727425,0.80199,0.55,0.6,,,0,9.465994,8.563228,0.0,0.0,78.791339,11.227859
Bastion,Balanced,Asphalt,OVERHOLD,14.0,14.0,2.5,13.98175,3.358603,0.348998,0.55,0.683333,,,0,5.822867,7.052121,1.116667,0.038161,58.543868,11.227859
Bastion,Balanced,Asphalt,LIFT_OFF,14.0,14.0,1.0,10.471017,2.333252,1.19412,0.566667,,,,0,7.710894,6.375107,0.0,0.0,74.644083,16.717678
Bastion,Balanced,Asphalt,BRAKE_CORNER,14.0,14.0,1.0,24.933409,4.840971,1.023145,0.566667,,,,0,8.709747,10.249294,5.616667,0.099526,73.569074,14.324023
Bastion,Balanced,Asphalt,CHICANE,14.0,14.0,1.0,8.359666,6.100862,0.937321,0.55,1.583333,,,0,10.339598,8.925584,0.0,0.0,85.292203,13.122498
Bastion,Balanced,Asphalt,EQUAL_COAST,14.0,14.0,0.0,34.205141,34.377468,1.0,,1.0,,,0,2.631498,0.0,0.6,0.175426,28.539162,8.060302
Bastion,Balanced,Asphalt,EQUAL_CATCH,14.0,14.0,0.0,34.177766,34.377468,1.0,,1.016667,,,0,3.283887,0.0,0.6,0.156415,33.707628,9.32258
Bastion,Balanced,Asphalt,STEER_STEP,22.0,22.0,1.0,2.516312,0.078052,0.915395,0.616667,0.533333,,,0,8.839032,1.807637,0.0,0.0,81.576816,20.138701
Bastion,Balanced,Asphalt,POWER_OVER,22.0,22.0,1.0,6.158617,2.472695,1.032461,0.616667,,,,0,24.545777,25.047557,0.0,0.0,193.032705,22.714135
Bastion,Balanced,Asphalt,HANDBRAKE,22.0,22.0,1.0,20.148706,19.609363,0.80011,0.566667,0.766667,,,0,12.248641,9.717423,0.583333,0.076655,105.342483,17.602414
Bastion,Balanced,Asphalt,EARLY_CATCH,22.0,22.0,0.65,8.09478,7.668807,0.880327,0.566667,0.633333,,,0,13.122586,10.07992,0.0,0.0,111.202528,17.990845
Bastion,Balanced,Asphalt,LATE_CATCH,22.0,22.0,1.6,38.324254,34.661584,0.664819,0.566667,1.333333,,,0,9.993785,8.782147,1.716667,0.582716,93.318383,17.602414
Bastion,Balanced,Asphalt,PASSIVE_RELEASE,22.0,22.0,1.0,20.080867,19.609363,0.80011,0.566667,0.783333,,,0,12.110344,9.66006,0.6,0.078412,104.465572,17.602414
Bastion,Balanced,Asphalt,OVERHOLD,22.0,22.0,2.5,179.994753,107.959731,0.388491,0.566667,1.9,2.166667,68.680192,1,2.077194,3.775311,2.6,0.733025,54.237713,17.602414
Bastion,Balanced,Asphalt,LIFT_OFF,22.0,22.0,1.0,10.433409,2.472695,1.032461,0.616667,,,,0,8.761593,6.433032,0.0,0.0,92.169787,22.714135
Bastion,Balanced,Asphalt,BRAKE_CORNER,22.0,22.0,1.0,12.333097,0.078052,0.915395,0.616667,,,,0,8.932398,10.266891,0.0,0.0,87.585965,20.138701
Bastion,Balanced,Asphalt,CHICANE,22.0,22.0,1.0,4.770809,1.386995,0.852724,0.566667,1.55,,,0,12.822417,9.955415,0.0,0.0,110.016599,18.75992
Bastion,Balanced,Asphalt,EQUAL_COAST,22.0,22.0,0.0,37.413497,34.377468,1.0,0.55,2.016667,,,0,3.016166,0.0,1.616667,0.530169,38.762886,12.305223
Bastion,Balanced,Asphalt,EQUAL_CATCH,22.0,22.0,0.0,35.126313,34.377468,1.0,0.566667,1.533333,,,0,5.998407,0.629394,1.1,0.376351,59.226336,14.809641
Bastion,Balanced,Asphalt,STEER_STEP,30.0,30.0,1.0,4.500071,4.380179,0.876106,0.666667,0.5,,,0,11.911203,3.081921,0.0,0.0,109.923341,26.283176
Bastion,Balanced,Asphalt,POWER_OVER,30.0,30.0,1.0,8.202563,6.273509,0.965133,0.666667,,,,0,26.681683,25.517916,0.0,0.0,216.18691,28.953992
Bastion,Balanced,Asphalt,HANDBRAKE,30.0,30.0,1.0,26.91846,24.864772,0.812793,0.583333,1.1,,,0,15.327372,10.994428,0.983333,0.191335,134.287808,24.383796
Bastion,Balanced,Asphalt,EARLY_CATCH,30.0,30.0,0.65,12.543869,11.406573,0.880964,0.583333,0.7,,,0,16.331083,11.41075,0.0,0.0,140.54797,24.230771
Bastion,Balanced,Asphalt,LATE_CATCH,30.0,30.0,1.6,169.215181,51.296958,0.70666,0.583333,2.35,1.85,67.620703,1,0.800034,4.305055,2.333333,0.664803,69.455706,24.383796
Bastion,Balanced,Asphalt,PASSIVE_RELEASE,30.0,30.0,1.0,26.878549,24.864772,0.812793,0.583333,1.1,,,0,14.934476,10.831461,1.033333,0.279131,131.903953,24.383796
Bastion,Balanced,Asphalt,OVERHOLD,30.0,30.0,2.5,180.0,156.581565,0.475222,0.583333,5.316667,1.8,68.262617,1,9.251141,0.896795,5.833333,0.664803,93.994101,24.383796
Bastion,Balanced,Asphalt,LIFT_OFF,30.0,30.0,1.0,10.387915,6.273509,0.965133,0.666667,,,,0,9.944812,6.503222,0.0,0.0,110.754636,28.953992
Bastion,Balanced,Asphalt,BRAKE_CORNER,30.0,30.0,1.0,11.681075,4.380179,0.876106,0.666667,,,,0,9.749059,10.333737,0.0,0.0,104.623582,26.283176
Bastion,Balanced,Asphalt,CHICANE,30.0,30.0,1.0,8.348165,7.852832,0.832654,0.583333,1.533333,,,0,15.744619,11.167495,0.0,0.0,137.703336,24.979631
Bastion,Balanced,Asphalt,EQUAL_COAST,30.0,30.0,0.0,132.188815,34.377468,1.0,0.516667,3.216667,1.366667,68.120133,1,0.512366,0.0,2.15,0.444997,40.814836,18.999152
Bastion,Balanced,Asphalt,EQUAL_CATCH,30.0,30.0,0.0,54.55398,34.377468,1.0,0.516667,3.133333,,,0,2.396522,0.0,2.733333,0.544885,53.194316,20.792499
Comet,Balanced,Asphalt,STEER_STEP,14.0,14.0,1.0,6.28258,3.611462,1.173104,0.516667,0.516667,,,0,6.98195,1.037351,0.0,0.0,62.768452,16.423458
Comet,Balanced,Asphalt,POWER_OVER,14.0,14.0,1.0,16.067908,0.863671,1.433583,0.516667,,,,0,33.010104,40.0,3.583333,0.204794,247.923455,20.070163
Comet,Balanced,Asphalt,HANDBRAKE,14.0,14.0,1.0,14.037975,14.037975,0.912319,0.483333,0.583333,,,0,12.173611,12.274336,0.25,0.010863,98.715287,12.772472
Comet,Balanced,Asphalt,EARLY_CATCH,14.0,14.0,0.65,5.181189,5.181189,0.961253,0.483333,0.533333,,,0,12.733016,12.506368,0.0,0.0,102.542045,13.095134
Comet,Balanced,Asphalt,LATE_CATCH,14.0,14.0,1.6,21.177578,21.177578,0.808226,0.483333,0.616667,,,0,11.151412,11.850346,0.883333,0.235644,92.796773,12.772472
Comet,Balanced,Asphalt,PASSIVE_RELEASE,14.0,14.0,1.0,14.037975,14.037975,0.912319,0.483333,0.566667,,,0,12.212771,12.290579,0.233333,0.010335,98.984322,12.772472
Comet,Balanced,Asphalt,OVERHOLD,14.0,14.0,2.5,21.239209,15.36372,0.653897,0.483333,0.516667,,,0,9.570533,11.194624,1.683333,0.303068,85.47055,12.772472
Comet,Balanced,Asphalt,LIFT_OFF,14.0,14.0,1.0,10.079602,0.863671,1.433583,0.516667,,,,0,9.20301,7.744731,0.0,0.0,87.897939,20.070163
Comet,Balanced,Asphalt,BRAKE_CORNER,14.0,14.0,1.0,14.872931,3.611462,1.173104,0.516667,,,,0,10.515817,12.662526,5.9,0.045798,88.080461,16.423458
Comet,Balanced,Asphalt,CHICANE,14.0,14.0,1.0,6.466272,5.185101,1.047546,0.483333,1.533333,,,0,13.238909,12.716204,0.0,0.0,106.591486,14.665647
Comet,Balanced,Asphalt,EQUAL_COAST,14.0,14.0,0.0,34.146124,34.377468,1.0,,0.916667,,,0,2.75506,0.0,0.516667,0.144817,29.37678,8.299358
Comet,Balanced,Asphalt,EQUAL_CATCH,14.0,14.0,0.0,34.114015,34.377468,1.0,,0.95,,,0,3.326783,0.0,0.516667,0.124009,33.980804,9.405523
Comet,Balanced,Asphalt,STEER_STEP,22.0,22.0,1.0,2.177952,0.978259,1.005972,0.566667,0.5,,,0,9.866605,2.233857,0.0,0.0,89.626354,22.131387
Comet,Balanced,Asphalt,POWER_OVER,22.0,22.0,1.0,16.303792,5.791219,1.18757,0.566667,,,,0,35.599077,40.0,4.666667,0.21307,272.839239,26.126533
Comet,Balanced,Asphalt,HANDBRAKE,22.0,22.0,1.0,24.378981,24.188449,0.888398,0.5,0.816667,,,0,15.255845,13.552794,0.75,0.183334,127.470107,19.544748
Comet,Balanced,Asphalt,EARLY_CATCH,22.0,22.0,0.65,13.135397,12.80742,0.931656,0.5,0.633333,,,0,15.835026,13.793029,0.25,0.007418,131.085021,19.099802
Comet,Balanced,Asphalt,LATE_CATCH,22.0,22.0,1.6,41.286836,36.054273,0.816408,0.5,1.4,,,0,13.310793,12.74602,1.916667,0.797278,118.079649,19.544748
Comet,Balanced,Asphalt,PASSIVE_RELEASE,22.0,22.0,1.0,24.360901,24.188449,0.888398,0.5,0.8,,,0,15.091109,13.484465,0.766667,0.183334,126.432163,19.544748
Comet,Balanced,Asphalt,OVERHOLD,22.0,22.0,2.5,179.861768,122.701278,0.586655,0.5,2.8,2.083333,69.200377,1,4.704186,5.224228,3.566667,0.857296,68.891859,19.544748
Comet,Balanced,Asphalt,LIFT_OFF,22.0,22.0,1.0,10.049139,5.791219,1.18757,0.566667,,,,0,10.079857,7.791273,0.0,0.0,104.663606,26.126533
Comet,Balanced,Asphalt,BRAKE_CORNER,22.0,22.0,1.0,12.067197,0.978259,1.005972,0.566667,,,,0,11.111304,12.697642,0.0,0.0,102.870645,22.131387
Comet,Balanced,Asphalt,CHICANE,22.0,22.0,1.0,7.844824,4.292872,0.924268,0.5,1.516667,,,0,15.636094,13.710515,0.0,0.0,130.783454,20.333905
Comet,Balanced,Asphalt,EQUAL_COAST,22.0,22.0,0.0,35.083972,34.377468,1.0,,1.35,,,0,5.049949,0.23599,0.95,0.335671,51.413644,12.75684
Comet,Balanced,Asphalt,EQUAL_CATCH,22.0,22.0,0.0,34.673937,34.377468,1.0,,1.25,,,0,6.259069,0.737512,0.816667,0.248394,60.945226,15.07918
Comet,Balanced,Asphalt,STEER_STEP,30.0,30.0,1.0,5.349285,5.349285,0.940932,0.6,0.466667,,,0,12.897876,3.491176,0.0,0.0,117.665748,28.227963
Comet,Balanced,Asphalt,POWER_OVER,30.0,30.0,1.0,16.336059,9.097147,1.080494,0.616667,,,,0,38.778901,40.0,6.133333,0.21421,298.089165,32.414828
Comet,Balanced,Asphalt,HANDBRAKE,30.0,30.0,1.0,28.842503,28.052786,0.884293,0.516667,1.016667,,,0,18.563598,14.924794,1.016667,0.291139,157.954112,26.528791
Comet,Balanced,Asphalt,EARLY_CATCH,30.0,30.0,0.65,16.81334,16.011674,0.921748,0.516667,0.716667,,,0,19.107157,15.150253,0.416667,0.030944,160.941344,25.474962
Comet,Balanced,Asphalt,LATE_CATCH,30.0,30.0,1.6,180.0,54.758085,0.818832,0.516667,3.333333,1.766667,68.099061,1,3.43047,5.767396,3.25,0.788392,80.854316,26.528791
Comet,Balanced,Asphalt,PASSIVE_RELEASE,30.0,30.0,1.0,28.793434,28.052786,0.884293,0.516667,1.016667,,,0,18.22652,14.78498,1.066667,0.335117,155.893368,26.528791
Comet,Balanced,Asphalt,OVERHOLD,30.0,30.0,2.5,179.689938,173.178821,0.562692,0.516667,2.566667,1.75,69.091988,1,3.470394,7.741642,3.366667,0.788392,98.172627,26.528791
Comet,Balanced,Asphalt,LIFT_OFF,30.0,30.0,1.0,10.012898,9.097147,1.080494,0.616667,,,,0,11.078903,7.846613,0.0,0.0,122.884752,32.414828
Comet,Balanced,Asphalt,BRAKE_CORNER,30.0,30.0,1.0,10.913061,5.349285,0.940932,0.6,,,,0,11.795018,12.737478,0.0,0.0,118.944421,28.227963
Comet,Balanced,Asphalt,CHICANE,30.0,30.0,1.0,11.42852,9.847881,0.890748,0.516667,1.5,,,0,18.596189,14.938312,0.0,0.0,158.856744,26.722455
Comet,Balanced,Asphalt,EQUAL_COAST,30.0,30.0,0.0,64.92058,34.377468,1.0,0.55,2.716667,,,0,0.0,0.0,2.116667,0.525062,38.431155,18.587867
Comet,Balanced,Asphalt,EQUAL_CATCH,30.0,30.0,0.0,59.244184,34.377468,1.0,0.516667,3.05,,,0,0.480058,0.0,2.466667,0.587983,45.727552,20.555737
Trail,Balanced,Asphalt,STEER_STEP,14.0,14.0,1.0,8.513899,5.995285,1.026171,0.35,0.55,,,0,5.945748,0.607552,0.0,0.0,54.630548,14.366388
Trail,Balanced,Asphalt,POWER_OVER,14.0,14.0,1.0,12.84576,0.602297,1.26779,0.35,,,,0,21.224258,20.931954,4.4,0.103504,161.250163,17.749061
Trail,Balanced,Asphalt,HANDBRAKE,14.0,14.0,1.0,15.49829,15.49829,0.585294,0.35,0.633333,,,0,9.068526,10.339392,0.366667,0.021686,75.346341,8.194116
Trail,Balanced,Asphalt,EARLY_CATCH,14.0,14.0,0.65,8.154231,5.652518,0.791338,0.35,0.616667,,,0,10.878668,11.090207,0.0,0.0,88.106202,10.540821
Trail,Balanced,Asphalt,LATE_CATCH,14.0,14.0,1.6,16.650451,0.0,0.211778,0.35,0.616667,,,0,6.702268,9.357908,0.533333,0.04731,60.228755,8.194116
Trail,Balanced,Asphalt,PASSIVE_RELEASE,14.0,14.0,1.0,16.452253,15.49829,0.585294,0.35,0.566667,,,0,9.245823,10.412931,0.3,0.030414,76.55182,8.194116
Trail,Balanced,Asphalt,OVERHOLD,14.0,14.0,2.5,18.966117,13.610548,0.335079,0.35,0.583333,,,0,6.866453,9.426009,1.0,0.050326,60.527794,8.194116
Trail,Balanced,Asphalt,LIFT_OFF,14.0,14.0,1.0,13.612026,0.602297,1.26779,0.35,,,,0,7.997465,8.002806,5.3,0.117793,77.999062,17.749061
Trail,Balanced,Asphalt,BRAKE_CORNER,14.0,14.0,1.0,31.883122,5.995285,1.026171,0.35,,,,0,10.549896,10.542711,5.5,0.211979,76.585793,14.366388
Trail,Balanced,Asphalt,CHICANE,14.0,14.0,1.0,12.001581,9.947639,0.843694,0.35,1.566667,,,0,11.146759,11.201407,0.0,0.0,90.527619,11.811723
Trail,Balanced,Asphalt,EQUAL_COAST,14.0,14.0,0.0,33.617308,34.377468,1.0,,0.716667,,,0,2.842197,0.0,0.316667,0.079006,29.834625,8.467951
Trail,Balanced,Asphalt,EQUAL_CATCH,14.0,14.0,0.0,33.560489,34.377468,1.0,,0.783333,,,0,3.265398,0.0,0.333333,0.074152,33.348343,9.286757
Trail,Balanced,Asphalt,STEER_STEP,22.0,22.0,1.0,4.430523,4.138457,0.866682,0.366667,0.516667,,,0,8.157472,1.524937,0.0,0.0,76.529338,19.067014
Trail,Balanced,Asphalt,POWER_OVER,22.0,22.0,1.0,14.661942,9.6079,1.037685,0.366667,,,,0,21.456968,20.933921,6.616667,0.154024,173.10551,22.829061
Trail,Balanced,Asphalt,HANDBRAKE,22.0,22.0,1.0,68.339314,44.788477,0.699905,0.366667,2.2,1.416667,67.807389,1,6.571724,9.30376,1.316667,0.379489,70.268482,15.397913
Trail,Balanced,Asphalt,EARLY_CATCH,22.0,22.0,0.65,23.375189,21.727389,0.832395,0.366667,0.8,,,0,13.543664,12.195602,0.5,0.079652,113.586005,15.781824
Trail,Balanced,Asphalt,LATE_CATCH,22.0,22.0,1.6,179.98579,130.852619,0.456238,0.366667,2.033333,1.2,69.558228,1,0.230507,6.673532,2.033333,0.379489,50.718735,15.397913
Trail,Balanced,Asphalt,PASSIVE_RELEASE,22.0,22.0,1.0,104.232155,44.788477,0.699905,0.366667,1.666667,1.316667,68.134187,1,3.810704,8.158537,1.15,0.379489,55.080665,15.397913
Trail,Balanced,Asphalt,OVERHOLD,22.0,22.0,2.5,175.591264,0.0,0.009621,0.366667,0.883333,1.2,69.558228,1,3.294455,7.944406,1.683333,0.379489,57.914551,15.397913
Trail,Balanced,Asphalt,LIFT_OFF,22.0,22.0,1.0,13.6163,9.6079,1.037685,0.366667,,,,0,7.990237,8.002804,5.383333,0.118217,87.247045,22.829061
Trail,Balanced,Asphalt,BRAKE_CORNER,22.0,22.0,1.0,31.851921,4.138457,0.866682,0.366667,,,,0,10.571899,10.542687,5.716667,0.210161,86.419802,19.067014
Trail,Balanced,Asphalt,CHICANE,22.0,22.0,1.0,14.377802,10.23832,0.73646,0.366667,1.55,,,0,12.119398,11.604841,0.6,0.030362,105.210066,16.202116
Trail,Balanced,Asphalt,EQUAL_COAST,22.0,22.0,0.0,34.137369,34.377468,1.0,,0.9,,,0,5.523276,0.432318,0.5,0.147962,54.305774,13.655281
Trail,Balanced,Asphalt,EQUAL_CATCH,22.0,22.0,0.0,34.113342,34.377468,1.0,,0.9,,,0,6.2886,0.749761,0.45,0.100517,60.765654,15.136025
Trail,Balanced,Asphalt,STEER_STEP,30.0,30.0,1.0,14.122679,14.011649,0.819968,0.383333,0.6,,,0,10.576136,2.528158,0.35,0.02114,100.257934,24.599044
Trail,Balanced,Asphalt,POWER_OVER,30.0,30.0,1.0,19.505666,16.153251,0.956729,0.383333,,,,0,23.590671,21.135383,7.266667,0.312973,194.968318,28.701856
Trail,Balanced,Asphalt,HANDBRAKE,30.0,30.0,1.0,179.982276,60.032195,0.754248,0.366667,2.633333,1.066667,68.625726,1,0.183425,6.654003,2.133333,0.372585,60.847906,22.627426
Trail,Balanced,Asphalt,EARLY_CATCH,30.0,30.0,0.65,39.471002,27.610953,0.856353,0.366667,1.466667,,,0,14.90705,12.761111,1.25,0.539179,131.535636,22.133568
Trail,Balanced,Asphalt,LATE_CATCH,30.0,30.0,1.6,178.913522,169.518539,0.524332,0.366667,2.416667,1.066667,69.577859,1,7.062642,9.507385,2.766667,0.372585,90.603342,22.627426
Trail,Balanced,Asphalt,PASSIVE_RELEASE,30.0,30.0,1.0,180.0,60.032195,0.754248,0.366667,4.25,1.066667,68.522417,1,4.215647,4.704683,3.65,0.372585,64.141125,22.627426
Trail,Balanced,Asphalt,OVERHOLD,30.0,30.0,2.5,179.847454,39.670145,0.235288,0.366667,1.183333,1.066667,69.577859,1,8.648519,10.16518,2.416667,0.372585,97.506797,22.627426
Trail,Balanced,Asphalt,LIFT_OFF,30.0,30.0,1.0,20.270711,16.153251,0.956729,0.383333,,,,0,7.946214,8.002798,7.033333,0.213616,99.063284,28.701856
Trail,Balanced,Asphalt,BRAKE_CORNER,30.0,30.0,1.0,31.975628,14.011649,0.819968,0.383333,,,,0,10.517586,10.542736,6.416667,0.208042,95.267877,24.599044
Trail,Balanced,Asphalt,CHICANE,30.0,30.0,1.0,23.12003,22.689149,0.755885,0.366667,1.533333,,,0,14.448022,12.570715,0.916667,0.223327,129.822875,22.676561
Trail,Balanced,Asphalt,EQUAL_COAST,30.0,30.0,0.0,34.476457,34.377468,1.0,,1.15,,,0,8.056267,1.482959,0.75,0.252713,78.396278,18.556173
Trail,Balanced,Asphalt,EQUAL_CATCH,30.0,30.0,0.0,34.394001,34.377468,1.0,,1.083333,,,0,9.173983,1.946569,0.616667,0.170363,87.411875,20.718652
Flint,Balanced,Asphalt,STEER_STEP,14.0,14.0,1.0,5.288588,0.748721,1.071821,0.35,0.533333,,,0,6.158713,0.695886,0.0,0.0,56.544233,15.005496
Flint,Balanced,Asphalt,POWER_OVER,14.0,14.0,1.0,25.59321,11.340653,1.419241,0.35,,,,0,32.0,32.0,6.933333,0.588342,224.026008,19.869367
Flint,Balanced,Asphalt,HANDBRAKE,14.0,14.0,1.0,25.574382,25.574382,0.801188,0.366667,0.8,,,0,11.804106,13.415089,0.716667,0.181862,95.950003,11.216628
Flint,Balanced,Asphalt,EARLY_CATCH,14.0,14.0,0.65,12.164038,12.041228,0.901369,0.366667,0.616667,,,0,13.156116,13.97588,0.0,0.0,105.053285,11.846722
Flint,Balanced,Asphalt,LATE_CATCH,14.0,14.0,1.6,56.3818,40.703758,0.579407,0.366667,1.383333,,,0,8.405925,12.005582,1.9,0.612481,76.826056,11.216628
Flint,Balanced,Asphalt,PASSIVE_RELEASE,14.0,14.0,1.0,25.574382,25.574382,0.801188,0.366667,0.666667,,,0,11.841095,13.430432,0.616667,0.181862,96.178085,11.216628
Flint,Balanced,Asphalt,OVERHOLD,14.0,14.0,2.5,102.26965,90.931679,0.361149,0.366667,0.7,,,0,3.052922,9.785248,1.95,0.614895,54.255567,11.216628
Flint,Balanced,Asphalt,LIFT_OFF,14.0,14.0,1.0,14.532055,11.340653,1.419241,0.35,,,,0,6.853068,6.867265,6.616667,0.141549,71.428463,19.869367
Flint,Balanced,Asphalt,BRAKE_CORNER,14.0,14.0,1.0,32.884389,0.748721,1.071821,0.35,,,,0,9.802642,9.738922,5.366667,0.211819,71.570625,15.005496
Flint,Balanced,Asphalt,CHICANE,14.0,14.0,1.0,8.822987,1.120153,0.92058,0.366667,1.55,,,0,12.28151,13.613108,0.0,0.0,100.604411,12.88812
Flint,Balanced,Asphalt,EQUAL_COAST,14.0,14.0,0.0,33.86789,34.377468,1.0,,0.783333,,,0,2.812246,0.0,0.383333,0.101275,29.675588,8.410002
Flint,Balanced,Asphalt,EQUAL_CATCH,14.0,14.0,0.0,33.817855,34.377468,1.0,,0.866667,,,0,3.290884,0.0,0.416667,0.105178,33.618956,9.336066
Flint,Balanced,Asphalt,STEER_STEP,22.0,22.0,1.0,14.644613,14.491407,0.919737,0.366667,0.6,,,0,8.387401,1.620308,0.383333,0.028291,78.87743,20.234206
Flint,Balanced,Asphalt,POWER_OVER,22.0,22.0,1.0,25.593674,19.133882,1.169089,0.366667,,,,0,32.0,32.0,7.366667,0.588361,242.142516,25.719956
Flint,Balanced,Asphalt,HANDBRAKE,22.0,22.0,1.0,70.095194,43.828024,0.842584,0.383333,2.333333,1.483333,67.947438,1,8.707167,12.130532,2.033333,0.462429,89.792575,18.536855
Flint,Balanced,Asphalt,EARLY_CATCH,22.0,22.0,0.65,25.567557,23.131917,0.908813,0.383333,0.916667,,,0,16.038058,15.17126,0.65,0.113213,132.294341,17.869075
Flint,Balanced,Asphalt,LATE_CATCH,22.0,22.0,1.6,179.115497,125.555742,0.587716,0.383333,2.066667,1.25,69.374727,1,2.695198,9.63687,2.133333,0.462429,67.610675,18.536855
Flint,Balanced,Asphalt,PASSIVE_RELEASE,22.0,22.0,1.0,107.955777,43.828024,0.842584,0.383333,1.916667,1.4,68.585715,1,4.448179,10.363977,1.45,0.462429,67.106574,18.536855
Flint,Balanced,Asphalt,OVERHOLD,22.0,22.0,2.5,179.456539,78.334763,0.209427,0.383333,1.433333,1.25,69.374727,1,8.207651,11.923341,2.65,0.462429,89.037655,18.536855
Flint,Balanced,Asphalt,LIFT_OFF,22.0,22.0,1.0,24.871563,19.133882,1.169089,0.366667,,,,0,6.791443,6.867262,7.183333,0.396371,83.530267,25.719956
Flint,Balanced,Asphalt,BRAKE_CORNER,22.0,22.0,1.0,72.819265,14.491407,0.919737,0.366667,,,,0,9.79494,9.738933,6.266667,0.257368,81.750726,20.234206
Flint,Balanced,Asphalt,CHICANE,22.0,22.0,1.0,18.443842,18.328456,0.850491,0.383333,1.533333,,,0,14.10906,14.371145,0.883333,0.138193,121.697411,18.710795
Flint,Balanced,Asphalt,EQUAL_COAST,22.0,22.0,0.0,34.296279,34.377468,1.0,,1.05,,,0,5.406985,0.384082,0.65,0.203142,53.604444,13.430284
Flint,Balanced,Asphalt,EQUAL_CATCH,22.0,22.0,0.0,34.275194,34.377468,1.0,,1.0,,,0,6.375123,0.78565,0.55,0.143967,61.62931,15.30343
Flint,Balanced,Asphalt,STEER_STEP,30.0,30.0,1.0,21.637956,21.226386,0.885729,0.383333,0.75,,,0,11.211452,2.791676,0.816667,0.174632,105.731311,26.571873
Flint,Balanced,Asphalt,POWER_OVER,30.0,30.0,1.0,25.869869,23.099533,1.066667,0.383333,,,,0,32.0,32.0,7.5,0.599348,254.581107,32.0
Flint,Balanced,Asphalt,HANDBRAKE,30.0,30.0,1.0,166.433588,53.69241,0.8585,0.383333,2.4,1.15,68.109309,1,2.556342,9.579275,1.933333,0.427508,76.216782,25.755013
Flint,Balanced,Asphalt,EARLY_CATCH,30.0,30.0,0.65,37.240885,27.417953,0.911587,0.383333,1.5,,,0,18.148404,16.046596,1.283333,0.550383,155.277044,24.542571
Flint,Balanced,Asphalt,LATE_CATCH,30.0,30.0,1.6,179.333248,146.591436,0.645215,0.383333,2.866667,1.133333,68.895213,1,7.597093,11.670092,3.233333,0.427508,106.233216,25.755013
Flint,Balanced,Asphalt,PASSIVE_RELEASE,30.0,30.0,1.0,180.0,53.69241,0.8585,0.383333,3.833333,1.15,67.992157,1,3.146285,7.20306,3.316667,0.427508,72.296299,25.755013
Flint,Balanced,Asphalt,OVERHOLD,30.0,30.0,2.5,178.719297,58.586718,0.339982,0.383333,1.233333,1.133333,68.895213,1,11.160787,13.148252,2.466667,0.427508,119.147614,25.755013
Flint,Balanced,Asphalt,LIFT_OFF,30.0,30.0,1.0,95.750893,23.099533,1.066667,0.383333,2.65,,,0,0.0,0.0,2.333333,0.622998,65.498895,32.0
Flint,Balanced,Asphalt,BRAKE_CORNER,30.0,30.0,1.0,132.501686,21.226386,0.885729,0.383333,,1.733333,70.201474,1,8.591681,9.739256,6.5,0.540844,91.844799,26.571873
Flint,Balanced,Asphalt,CHICANE,30.0,30.0,1.0,26.596172,26.470944,0.851353,0.383333,1.55,,,0,17.155993,15.634961,1.0,0.326273,151.026597,25.540596
Flint,Balanced,Asphalt,EQUAL_COAST,30.0,30.0,0.0,35.750152,34.377468,1.0,0.6,1.6,,,0,6.934816,1.0178,1.2,0.438586,71.052797,17.447787
Flint,Balanced,Asphalt,EQUAL_CATCH,30.0,30.0,0.0,34.941735,34.377468,1.0,,1.3,,,0,9.179457,1.948839,0.866667,0.284412,87.86518,20.729622
Quill,Balanced,Asphalt,STEER_STEP,14.0,14.0,1.0,4.813271,2.692104,1.027025,0.3,0.5,,,0,5.788145,0.542181,0.0,0.0,53.744993,14.378347
Quill,Balanced,Asphalt,POWER_OVER,14.0,14.0,1.0,29.492051,14.302271,1.387133,0.3,,,,0,28.915142,34.0,7.1,0.743746,220.950368,19.419857
Quill,Balanced,Asphalt,HANDBRAKE,14.0,14.0,1.0,30.436018,30.436018,0.73093,0.316667,0.833333,,,0,11.515228,13.942276,0.866667,0.294504,93.742435,10.233015
Quill,Balanced,Asphalt,EARLY_CATCH,14.0,14.0,0.65,18.278696,18.196202,0.861633,0.316667,0.633333,,,0,13.254737,14.663795,0.333333,0.034819,105.424814,11.004007
Quill,Balanced,Asphalt,LATE_CATCH,14.0,14.0,1.6,90.419823,73.600226,0.389089,0.316667,0.8,,,0,5.954708,11.635868,1.283333,0.505326,62.730145,10.233015
Quill,Balanced,Asphalt,PASSIVE_RELEASE,14.0,14.0,1.0,30.436018,30.436018,0.73093,0.316667,0.666667,,,0,11.631465,13.99049,0.733333,0.294504,94.475997,10.233015
Quill,Balanced,Asphalt,OVERHOLD,14.0,14.0,2.5,92.699222,89.394725,0.306919,0.316667,0.6,,,0,4.004067,10.826775,1.983333,0.505326,57.124589,10.233015
Quill,Balanced,Asphalt,LIFT_OFF,14.0,14.0,1.0,17.887213,14.302271,1.387133,0.3,,,,0,7.304845,7.30221,6.916667,0.185147,71.71096,19.419857
Quill,Balanced,Asphalt,BRAKE_CORNER,14.0,14.0,1.0,34.689405,2.692104,1.027025,0.3,,,,0,9.792347,9.614492,5.433333,0.237582,70.509258,14.378347
Quill,Balanced,Asphalt,CHICANE,14.0,14.0,1.0,10.746893,3.008808,0.835182,0.316667,1.533333,,,0,12.177347,14.216912,0.0,0.0,99.369645,11.692555
Quill,Balanced,Asphalt,EQUAL_COAST,14.0,14.0,0.0,33.712521,34.377468,1.0,,0.716667,,,0,2.864214,0.0,0.316667,0.08315,30.027031,8.510549
Quill,Balanced,Asphalt,EQUAL_CATCH,14.0,14.0,0.0,33.652349,34.377468,1.0,,0.783333,,,0,3.264265,0.0,0.35,0.085363,33.35334,9.284564
Quill,Balanced,Asphalt,STEER_STEP,22.0,22.0,1.0,19.21396,19.033217,0.872488,0.3,0.633333,,,0,7.629902,1.30611,0.65,0.120002,73.304167,19.194739
Quill,Balanced,Asphalt,POWER_OVER,22.0,22.0,1.0,29.492072,23.385481,1.142256,0.3,,,,0,32.762748,34.0,7.5,0.743747,246.220796,25.129633
Quill,Balanced,Asphalt,HANDBRAKE,22.0,22.0,1.0,179.961753,62.206635,0.792357,0.333333,1.666667,1.05,68.732978,1,4.13754,10.882137,1.333333,0.39116,64.201342,17.431846
Quill,Balanced,Asphalt,EARLY_CATCH,22.0,22.0,0.65,40.155829,30.161809,0.892359,0.333333,1.133333,,,0,15.451354,15.574914,0.966667,0.345696,128.233225,16.841032
Quill,Balanced,Asphalt,LATE_CATCH,22.0,22.0,1.6,179.830935,160.391926,0.501503,0.333333,1.733333,1.05,69.230664,1,2.105866,10.039434,1.983333,0.39116,63.600111,17.431846
Quill,Balanced,Asphalt,PASSIVE_RELEASE,22.0,22.0,1.0,180.0,62.206635,0.792357,0.333333,2.466667,1.05,68.631524,1,1.706189,9.873655,2.016667,0.39116,59.629405,17.431846
Quill,Balanced,Asphalt,OVERHOLD,22.0,22.0,2.5,179.259305,22.964209,0.302117,0.333333,1.066667,1.05,69.230664,1,9.749701,13.209966,2.35,0.39116,94.265774,17.431846
Quill,Balanced,Asphalt,LIFT_OFF,22.0,22.0,1.0,31.6443,23.385481,1.142256,0.3,,,,0,7.343602,7.30221,7.333333,0.590853,82.513744,25.129633
Quill,Balanced,Asphalt,BRAKE_CORNER,22.0,22.0,1.0,93.184633,19.033217,0.872488,0.3,,,,0,9.791923,9.614492,6.533333,0.365026,80.627718,19.194739
Quill,Balanced,Asphalt,CHICANE,22.0,22.0,1.0,24.95183,24.450531,0.794766,0.333333,1.516667,,,0,13.525004,14.775897,1.033333,0.278981,117.648254,17.484863
Quill,Balanced,Asphalt,EQUAL_COAST,22.0,22.0,0.0,34.196733,34.377468,1.0,,0.916667,,,0,5.589557,0.45981,0.516667,0.154411,54.885998,13.783521
Quill,Balanced,Asphalt,EQUAL_CATCH,22.0,22.0,0.0,34.171464,34.377468,1.0,,0.883333,,,0,6.386912,0.790539,0.45,0.109568,61.626969,15.326238
Quill,Balanced,Asphalt,STEER_STEP,30.0,30.0,1.0,27.663605,27.001884,0.854119,0.316667,0.833333,,,0,10.159846,2.355488,1.016667,0.33428,98.377107,25.623583
Quill,Balanced,Asphalt,POWER_OVER,30.0,30.0,1.0,29.50616,27.805831,1.057942,0.316667,,,,0,34.0,34.0,7.6,0.74427,267.21585,31.738254
Quill,Balanced,Asphalt,HANDBRAKE,30.0,30.0,1.0,179.781571,74.974812,0.822193,0.333333,2.583333,0.966667,69.888522,1,4.251327,10.929335,2.166667,0.373138,83.46085,24.665789
Quill,Balanced,Asphalt,EARLY_CATCH,30.0,30.0,0.65,65.602279,34.817071,0.905403,0.333333,1.95,,,0,12.294697,14.265587,1.833333,0.397011,120.134484,23.00258
Quill,Balanced,Asphalt,LATE_CATCH,30.0,30.0,1.6,179.448636,170.798201,0.565222,0.333333,1.766667,0.966667,69.888522,1,11.528907,13.94795,2.216667,0.373138,118.232776,24.665789
Quill,Balanced,Asphalt,PASSIVE_RELEASE,30.0,30.0,1.0,180.0,74.974812,0.822193,0.333333,4.533333,0.966667,69.888522,1,5.740746,6.535641,4.133333,0.373138,77.013061,24.665789
Quill,Balanced,Asphalt,OVERHOLD,30.0,30.0,2.5,179.448636,6.431551,0.403737,0.333333,0.95,0.966667,69.888522,1,13.262686,14.667092,2.166667,0.373138,126.719752,24.665789
Quill,Balanced,Asphalt,LIFT_OFF,30.0,30.0,1.0,95.252389,27.805831,1.057942,0.316667,2.333333,,,0,0.0,0.0,2.2,0.754565,60.525276,31.738254
Quill,Balanced,Asphalt,BRAKE_CORNER,30.0,30.0,1.0,113.087864,27.001884,0.854119,0.316667,,1.616667,68.702169,1,9.80227,9.614493,6.75,0.573511,91.569257,25.623583
Quill,Balanced,Asphalt,CHICANE,30.0,30.0,1.0,36.984056,36.199805,0.812304,0.333333,1.516667,,,0,17.110275,16.263007,1.366667,0.533858,149.612034,24.369133
Quill,Balanced,Asphalt,EQUAL_COAST,30.0,30.0,0.0,34.608849,34.377468,1.0,,1.15,,,0,8.215598,1.549047,0.75,0.258835,79.707772,18.86437
Quill,Balanced,Asphalt,EQUAL_CATCH,30.0,30.0,0.0,34.484048,34.377468,1.0,,1.083333,,,0,9.327972,2.010441,0.65,0.183933,88.746883,21.016579
Vandal,Balanced,Asphalt,STEER_STEP,14.0,14.0,1.0,6.761788,3.925173,1.056649,0.433333,0.55,,,0,6.129802,0.683894,0.0,0.0,56.14935,14.793088
Vandal,Balanced,Asphalt,POWER_OVER,14.0,14.0,1.0,17.782318,2.266998,1.304037,0.433333,,,,0,25.79398,29.779246,5.35,0.267237,196.214269,18.256516
Vandal,Balanced,Asphalt,HANDBRAKE,14.0,14.0,1.0,15.23188,15.23188,0.781123,0.433333,0.633333,,,0,10.583674,10.967849,0.333333,0.018481,86.834394,10.935717
Vandal,Balanced,Asphalt,EARLY_CATCH,14.0,14.0,0.65,6.462182,4.379247,0.88389,0.433333,0.6,,,0,11.589201,11.384924,0.0,0.0,93.827173,11.915572
Vandal,Balanced,Asphalt,LATE_CATCH,14.0,14.0,1.6,21.535119,20.988092,0.567818,0.433333,0.6,,,0,8.685964,10.180711,0.9,0.194097,75.424043,10.935717
Vandal,Balanced,Asphalt,PASSIVE_RELEASE,14.0,14.0,1.0,15.23188,15.23188,0.781123,0.433333,0.6,,,0,10.646927,10.994085,0.3,0.017636,87.26625,10.935717
Vandal,Balanced,Asphalt,OVERHOLD,14.0,14.0,2.5,21.535119,11.514602,0.310662,0.433333,0.566667,,,0,6.500574,9.274249,1.65,0.194097,64.250533,10.935717
Vandal,Balanced,Asphalt,LIFT_OFF,14.0,14.0,1.0,13.061727,2.266998,1.304037,0.433333,,,,0,7.097662,6.702102,4.0,0.104202,73.673887,18.256516
Vandal,Balanced,Asphalt,BRAKE_CORNER,14.0,14.0,1.0,30.755532,3.925173,1.056649,0.433333,,,,0,9.5097,10.14957,5.45,0.184532,74.001972,14.793088
Vandal,Balanced,Asphalt,CHICANE,14.0,14.0,1.0,9.246035,5.934123,0.924266,0.433333,1.566667,,,0,11.46052,11.33155,0.0,0.0,93.782,12.939731
Vandal,Balanced,Asphalt,EQUAL_COAST,14.0,14.0,0.0,34.025036,34.377468,1.0,,0.866667,,,0,2.758582,0.0,0.466667,0.127409,29.3452,8.306173
Vandal,Balanced,Asphalt,EQUAL_CATCH,14.0,14.0,0.0,33.984461,34.377468,1.0,,0.933333,,,0,3.333324,0.0,0.483333,0.123149,34.017993,9.418179
Vandal,Balanced,Asphalt,STEER_STEP,22.0,22.0,1.0,5.498134,5.4799,0.923941,0.45,0.5,,,0,8.798429,1.790795,0.0,0.0,81.514092,20.326694
Vandal,Balanced,Asphalt,POWER_OVER,22.0,22.0,1.0,18.538465,10.007973,1.096917,0.45,,,,0,28.234528,31.019551,6.65,0.296285,221.232029,24.132167
Vandal,Balanced,Asphalt,HANDBRAKE,22.0,22.0,1.0,30.885759,29.566586,0.815143,0.45,1.083333,,,0,13.345507,12.11341,1.05,0.27913,113.852544,17.933139
Vandal,Balanced,Asphalt,EARLY_CATCH,22.0,22.0,0.65,16.052637,15.124092,0.889341,0.45,0.683333,,,0,14.662525,12.659687,0.35,0.02234,122.234965,17.872598
Vandal,Balanced,Asphalt,LATE_CATCH,22.0,22.0,1.6,172.385548,68.908491,0.649259,0.45,1.716667,1.6,68.908491,1,0.976339,6.982891,1.7,0.588615,56.136586,17.933139
Vandal,Balanced,Asphalt,PASSIVE_RELEASE,22.0,22.0,1.0,30.710692,29.566586,0.815143,0.45,1.033333,,,0,12.63935,11.820508,1.05,0.354577,109.469857,17.933139
Vandal,Balanced,Asphalt,OVERHOLD,22.0,22.0,2.5,179.936436,164.150912,0.319358,0.45,1.9,1.6,68.908491,1,1.845019,5.81264,2.716667,0.588615,57.066786,17.933139
Vandal,Balanced,Asphalt,LIFT_OFF,22.0,22.0,1.0,13.060844,10.007973,1.096917,0.45,,,,0,7.243215,6.702827,3.75,0.104246,86.494943,24.132167
Vandal,Balanced,Asphalt,BRAKE_CORNER,22.0,22.0,1.0,30.784871,5.4799,0.923941,0.45,,,,0,9.594128,10.150877,5.583333,0.183765,85.700729,20.326694
Vandal,Balanced,Asphalt,CHICANE,22.0,22.0,1.0,10.265687,9.181612,0.84624,0.45,1.55,,,0,13.507749,12.180705,0.0,0.0,115.933936,18.617278
Vandal,Balanced,Asphalt,EQUAL_COAST,22.0,22.0,0.0,34.586446,34.377468,1.0,,1.25,,,0,5.122527,0.266094,0.85,0.284718,51.721392,12.880229
Vandal,Balanced,Asphalt,EQUAL_CATCH,22.0,22.0,0.0,34.422059,34.377468,1.0,,1.15,,,0,6.345452,0.773342,0.7,0.199633,61.536113,15.246183
Vandal,Balanced,Asphalt,STEER_STEP,30.0,30.0,1.0,11.924522,11.79939,0.880386,0.483333,0.616667,,,0,11.67512,2.983997,0.0,0.0,108.54244,26.411585
Vandal,Balanced,Asphalt,POWER_OVER,30.0,30.0,1.0,19.794529,14.118237,1.01494,0.483333,,,,0,31.879451,32.914732,7.15,0.346156,253.409149,30.448194
Vandal,Balanced,Asphalt,HANDBRAKE,30.0,30.0,1.0,57.115712,35.745087,0.835911,0.45,2.183333,,,0,11.57794,11.380254,2.216667,0.470583,118.055985,25.077324
Vandal,Balanced,Asphalt,EARLY_CATCH,30.0,30.0,0.65,21.579003,19.371486,0.892607,0.45,0.866667,,,0,17.835241,13.975675,0.566667,0.069533,151.461794,24.282911
Vandal,Balanced,Asphalt,LATE_CATCH,30.0,30.0,1.6,178.381669,94.280492,0.687863,0.45,3.133333,1.4,68.354344,1,4.753985,8.547924,3.066667,0.531082,90.959516,25.077324
Vandal,Balanced,Asphalt,PASSIVE_RELEASE,30.0,30.0,1.0,86.640376,35.745087,0.835911,0.45,2.566667,1.833333,67.652238,1,2.899375,7.780533,2.083333,0.477288,77.428331,25.077324
Vandal,Balanced,Asphalt,OVERHOLD,30.0,30.0,2.5,179.739436,140.611423,0.370894,0.45,1.95,1.4,68.354344,1,7.887125,9.849366,3.1,0.531082,102.895883,25.077324
Vandal,Balanced,Asphalt,LIFT_OFF,30.0,30.0,1.0,16.962502,14.118237,1.01494,0.483333,,,,0,7.499931,6.704149,5.1,0.141862,102.769428,30.448194
Vandal,Balanced,Asphalt,BRAKE_CORNER,30.0,30.0,1.0,28.158426,11.79939,0.880386,0.483333,,,,0,9.312022,10.146007,6.85,0.1853,98.747131,26.411585
Vandal,Balanced,Asphalt,CHICANE,30.0,30.0,1.0,16.165317,16.144808,0.838773,0.45,1.516667,,,0,16.413048,13.385774,0.783333,0.091155,143.973421,25.163181
Vandal,Balanced,Asphalt,EQUAL_COAST,30.0,30.0,0.0,65.533726,34.377468,1.0,0.533333,2.6,,,0,0.0,0.0,1.983333,0.526893,35.967275,17.862988
Vandal,Balanced,Asphalt,EQUAL_CATCH,30.0,30.0,0.0,36.78304,34.377468,1.0,0.55,1.866667,,,0,8.679394,1.741422,1.416667,0.559175,85.022461,21.027408
Kestrel,Balanced,Asphalt,STEER_STEP,14.0,14.0,1.0,9.71782,5.834603,1.276921,0.366667,0.5,,,0,7.777282,1.367241,0.0,0.0,68.914615,17.876898
Kestrel,Balanced,Asphalt,POWER_OVER,14.0,14.0,1.0,15.22896,1.240024,1.592573,0.366667,,,,0,36.0,36.0,4.666667,0.176283,255.354113,22.296022
Kestrel,Balanced,Asphalt,HANDBRAKE,14.0,14.0,1.0,9.399405,9.399405,0.818446,0.383333,0.5,,,0,13.14546,14.618469,0.0,0.0,105.195411,11.458242
Kestrel,Balanced,Asphalt,EARLY_CATCH,14.0,14.0,0.65,5.432894,4.179011,0.913213,0.383333,0.516667,,,0,14.135177,15.028987,0.0,0.0,112.175551,12.707457
Kestrel,Balanced,Asphalt,LATE_CATCH,14.0,14.0,1.6,10.240117,6.848983,0.6322,0.383333,0.516667,,,0,11.39875,13.893964,0.0,0.0,94.438432,11.458242
Kestrel,Balanced,Asphalt,PASSIVE_RELEASE,14.0,14.0,1.0,9.399405,9.399405,0.818446,0.383333,0.5,,,0,13.267027,14.668893,0.0,0.0,106.025907,11.458242
Kestrel,Balanced,Asphalt,OVERHOLD,14.0,14.0,2.5,10.240117,5.297389,0.522762,0.383333,0.533333,,,0,10.010933,13.31832,0.0,0.0,86.898775,11.458242
Kestrel,Balanced,Asphalt,LIFT_OFF,14.0,14.0,1.0,12.0687,1.240024,1.592573,0.366667,,,,0,10.612399,10.059502,0.0,0.0,100.585186,22.296022
Kestrel,Balanced,Asphalt,BRAKE_CORNER,14.0,14.0,1.0,19.770773,5.834603,1.276921,0.366667,,,,0,13.218792,14.610865,5.966667,0.100415,102.561164,17.876898
Kestrel,Balanced,Asphalt,CHICANE,14.0,14.0,1.0,9.184072,8.706427,1.062768,0.383333,1.516667,,,0,15.037592,15.403293,0.0,0.0,118.960831,14.878753
Kestrel,Balanced,Asphalt,EQUAL_COAST,14.0,14.0,0.0,33.647621,34.377468,1.0,,0.7,,,0,2.860114,0.0,0.3,0.078243,29.974281,8.502616
Kestrel,Balanced,Asphalt,EQUAL_CATCH,14.0,14.0,0.0,33.579944,34.377468,1.0,,0.783333,,,0,3.311755,0.0,0.366667,0.079986,33.726288,9.376448
Kestrel,Balanced,Asphalt,STEER_STEP,22.0,22.0,1.0,3.115723,1.412115,1.036815,0.4,0.483333,,,0,10.258653,2.396471,0.0,0.0,92.591089,22.809939
Kestrel,Balanced,Asphalt,POWER_OVER,22.0,22.0,1.0,15.229391,3.67247,1.263474,0.4,,,,0,36.0,36.0,5.35,0.176297,269.645238,27.796419
Kestrel,Balanced,Asphalt,HANDBRAKE,22.0,22.0,1.0,24.599571,24.599571,0.835609,0.383333,0.666667,,,0,16.141411,15.861138,0.683333,0.213515,133.407848,18.383393
Kestrel,Balanced,Asphalt,EARLY_CATCH,22.0,22.0,0.65,15.3984,15.386612,0.905937,0.383333,0.583333,,,0,17.133973,16.272836,0.266667,0.017595,139.993041,18.509514
Kestrel,Balanced,Asphalt,LATE_CATCH,22.0,22.0,1.6,28.339317,28.265463,0.705618,0.383333,0.666667,,,0,14.470009,15.167869,1.283333,0.541841,123.932561,18.383393
Kestrel,Balanced,Asphalt,PASSIVE_RELEASE,22.0,22.0,1.0,24.599571,24.599571,0.835609,0.383333,0.65,,,0,16.064204,15.829114,0.683333,0.213515,132.918149,18.383393
Kestrel,Balanced,Asphalt,OVERHOLD,22.0,22.0,2.5,28.339317,20.483824,0.503226,0.383333,0.533333,,,0,11.510422,13.940283,2.066667,0.541841,110.204148,18.383393
Kestrel,Balanced,Asphalt,LIFT_OFF,22.0,22.0,1.0,12.0661,3.67247,1.263474,0.4,,,,0,10.934974,10.062377,0.0,0.0,113.741187,27.796419
Kestrel,Balanced,Asphalt,BRAKE_CORNER,22.0,22.0,1.0,16.915481,1.412115,1.036815,0.4,,,,0,13.306614,14.613273,6.0,0.079673,113.418705,22.809939
Kestrel,Balanced,Asphalt,CHICANE,22.0,22.0,1.0,9.656575,1.548067,0.892905,0.383333,1.5,,,0,16.652047,16.072941,0.0,0.0,137.85614,19.643904
Kestrel,Balanced,Asphalt,EQUAL_COAST,22.0,22.0,0.0,34.159838,34.377468,1.0,,0.883333,,,0,5.589881,0.459945,0.483333,0.144006,54.836635,13.784149
Kestrel,Balanced,Asphalt,EQUAL_CATCH,22.0,22.0,0.0,34.132837,34.377468,1.0,,0.883333,,,0,6.363639,0.780886,0.45,0.104045,61.40472,15.28121
Kestrel,Balanced,Asphalt,STEER_STEP,30.0,30.0,1.0,4.145204,4.145204,0.949725,0.433333,0.466667,,,0,13.051507,3.5549,0.0,0.0,118.846774,28.491749
Kestrel,Balanced,Asphalt,POWER_OVER,30.0,30.0,1.0,15.229532,8.653947,1.12245,0.45,,,,0,36.0,36.0,6.35,0.176302,282.513411,33.673499
Kestrel,Balanced,Asphalt,HANDBRAKE,30.0,30.0,1.0,30.577545,30.432865,0.857338,0.4,0.866667,,,0,19.334912,17.185748,0.983333,0.376709,163.323527,25.72015
Kestrel,Balanced,Asphalt,EARLY_CATCH,30.0,30.0,0.65,20.503778,20.155553,0.910171,0.4,0.7,,,0,20.397616,17.626539,0.45,0.069028,169.879428,24.835656
Kestrel,Balanced,Asphalt,LATE_CATCH,30.0,30.0,1.6,179.697261,73.015447,0.723715,0.4,2.65,1.566667,68.416426,1,0.862064,8.808387,2.75,0.71888,79.18752,25.72015
Kestrel,Balanced,Asphalt,PASSIVE_RELEASE,30.0,30.0,1.0,30.5579,30.432865,0.857338,0.4,0.866667,,,0,18.940271,17.022057,1.0,0.376709,160.845268,25.72015
Kestrel,Balanced,Asphalt,OVERHOLD,30.0,30.0,2.5,179.769816,179.680901,0.377734,0.4,2.233333,1.566667,68.416426,1,2.747382,8.026392,3.25,0.71888,82.49971,25.72015
Kestrel,Balanced,Asphalt,LIFT_OFF,30.0,30.0,1.0,12.064322,8.653947,1.12245,0.45,,,,0,11.149982,10.064341,0.0,0.0,127.08803,33.673499
Kestrel,Balanced,Asphalt,BRAKE_CORNER,30.0,30.0,1.0,15.756425,4.145204,0.949725,0.433333,,,,0,13.407906,14.61607,6.016667,0.07302,125.281806,28.491749
Kestrel,Balanced,Asphalt,CHICANE,30.0,30.0,1.0,14.283839,10.137657,0.861629,0.4,1.5,,,0,19.120741,17.096913,0.666667,0.027191,162.953858,25.848865
Kestrel,Balanced,Asphalt,EQUAL_COAST,30.0,30.0,0.0,34.478048,34.377468,1.0,,1.1,,,0,8.286017,1.578255,0.7,0.233108,80.129651,19.000613
Kestrel,Balanced,Asphalt,EQUAL_CATCH,30.0,30.0,0.0,34.40732,34.377468,1.0,,1.05,,,0,9.293105,1.995978,0.633333,0.168963,88.404449,20.949117
Bulwark,Balanced,Asphalt,STEER_STEP,14.0,14.0,1.0,7.037261,2.911135,1.173667,0.45,0.533333,,,0,6.965778,1.030643,0.0,0.0,62.700363,16.431344
Bulwark,Balanced,Asphalt,POWER_OVER,14.0,14.0,1.0,22.206167,5.51556,1.508462,0.45,,,,0,37.268174,40.0,6.216667,0.44583,266.31015,21.118469
Bulwark,Balanced,Asphalt,HANDBRAKE,14.0,14.0,1.0,13.878795,13.878795,0.920121,0.466667,0.633333,,,0,13.211905,13.99902,0.283333,0.009792,106.172015,12.881691
Bulwark,Balanced,Asphalt,EARLY_CATCH,14.0,14.0,0.65,5.691981,3.300581,0.965653,0.466667,0.55,,,0,13.897556,14.283417,0.0,0.0,110.858782,13.281392
Bulwark,Balanced,Asphalt,LATE_CATCH,14.0,14.0,1.6,22.380172,22.380172,0.807613,0.466667,0.65,,,0,11.927195,13.466145,0.9,0.256768,98.711304,12.881691
Bulwark,Balanced,Asphalt,PASSIVE_RELEASE,14.0,14.0,1.0,13.878795,13.878795,0.920121,0.466667,0.6,,,0,13.260579,14.01921,0.25,0.010284,106.506414,12.881691
Bulwark,Balanced,Asphalt,OVERHOLD,14.0,14.0,2.5,22.462421,15.020347,0.635801,0.466667,0.516667,,,0,9.927868,12.636858,1.666667,0.328225,89.389365,12.881691
Bulwark,Balanced,Asphalt,LIFT_OFF,14.0,14.0,1.0,13.251665,5.51556,1.508462,0.45,,,,0,7.331106,6.791436,4.1,0.106154,78.7016,21.118469
Bulwark,Balanced,Asphalt,BRAKE_CORNER,14.0,14.0,1.0,32.436433,2.911135,1.173667,0.45,,,,0,10.395818,11.239769,5.516667,0.218667,81.033297,16.431344
Bulwark,Balanced,Asphalt,CHICANE,14.0,14.0,1.0,7.828191,4.337676,1.049476,0.466667,1.55,,,0,13.709038,14.205223,0.0,0.0,110.777807,14.692666
Bulwark,Balanced,Asphalt,EQUAL_COAST,14.0,14.0,0.0,34.030719,34.377468,1.0,,0.866667,,,0,2.732078,0.0,0.466667,0.129519,29.144534,8.254894
Bulwark,Balanced,Asphalt,EQUAL_CATCH,14.0,14.0,0.0,34.375642,34.377468,1.0,,0.983333,,,0,3.336737,0.0,0.533333,0.144446,34.061876,9.424784
Bulwark,Balanced,Asphalt,STEER_STEP,22.0,22.0,1.0,5.07049,5.047032,1.007602,0.483333,0.5,,,0,9.759241,2.189324,0.0,0.0,88.990952,22.167245
Bulwark,Balanced,Asphalt,POWER_OVER,22.0,22.0,1.0,22.206165,11.14531,1.237771,0.483333,,,,0,40.0,40.0,6.85,0.44583,287.614623,27.23096
Bulwark,Balanced,Asphalt,HANDBRAKE,22.0,22.0,1.0,26.014263,25.416962,0.900474,0.466667,0.9,,,0,16.256762,15.261975,0.833333,0.202542,134.872155,19.810433
Bulwark,Balanced,Asphalt,EARLY_CATCH,22.0,22.0,0.65,13.289394,12.6527,0.942272,0.466667,0.65,,,0,17.036756,15.585503,0.266667,0.008562,139.751009,19.360346
Bulwark,Balanced,Asphalt,LATE_CATCH,22.0,22.0,1.6,57.182392,43.835976,0.821665,0.466667,1.95,,,0,10.052936,12.688734,2.466667,0.820714,105.236278,19.810433
Bulwark,Balanced,Asphalt,PASSIVE_RELEASE,22.0,22.0,1.0,25.935981,25.416962,0.900474,0.466667,0.883333,,,0,15.935285,15.128632,0.85,0.214061,132.845691,19.810433
Bulwark,Balanced,Asphalt,OVERHOLD,22.0,22.0,2.5,178.608292,134.899739,0.516728,0.466667,1.883333,1.933333,68.913651,1,1.057462,8.080331,2.833333,0.820714,71.534087,19.810433
Bulwark,Balanced,Asphalt,LIFT_OFF,22.0,22.0,1.0,13.249971,11.14531,1.237771,0.483333,,,,0,7.599018,6.792954,3.783333,0.10608,93.341575,27.23096
Bulwark,Balanced,Asphalt,BRAKE_CORNER,22.0,22.0,1.0,32.383864,5.047032,1.007602,0.483333,,,,0,10.473657,11.241571,5.633333,0.222363,93.254279,22.167245
Bulwark,Balanced,Asphalt,CHICANE,22.0,22.0,1.0,8.434581,7.95544,0.935862,0.466667,1.533333,,,0,16.078951,15.188222,0.0,0.0,135.027361,20.588973
Bulwark,Balanced,Asphalt,EQUAL_COAST,22.0,22.0,0.0,34.626553,34.377468,1.0,,1.283333,,,0,5.012076,0.220281,0.883333,0.296518,50.910428,12.666613
Bulwark,Balanced,Asphalt,EQUAL_CATCH,22.0,22.0,0.0,34.425668,34.377468,1.0,,1.166667,,,0,6.398149,0.7952,0.733333,0.212585,61.997047,15.348263
Bulwark,Balanced,Asphalt,STEER_STEP,30.0,30.0,1.0,10.534829,10.432302,0.943545,0.516667,0.6,,,0,12.702408,3.410099,0.0,0.0,116.489964,28.306364
Bulwark,Balanced,Asphalt,POWER_OVER,30.0,30.0,1.0,22.206083,14.480167,1.12087,0.516667,,,,0,40.0,40.0,7.166667,0.445827,306.422523,33.62611
Bulwark,Balanced,Asphalt,HANDBRAKE,30.0,30.0,1.0,32.43328,30.088672,0.89558,0.483333,1.266667,,,0,19.275323,16.514023,1.266667,0.391498,163.84815,26.867393
Bulwark,Balanced,Asphalt,EARLY_CATCH,30.0,30.0,0.65,17.972041,16.566198,0.930681,0.483333,0.783333,,,0,20.264131,16.924163,0.45,0.038907,169.323544,25.705238
Bulwark,Balanced,Asphalt,LATE_CATCH,30.0,30.0,1.6,179.762732,63.834657,0.817703,0.483333,2.8,1.65,68.371385,1,1.571281,7.867207,2.8,0.697284,83.270445,26.867393
Bulwark,Balanced,Asphalt,PASSIVE_RELEASE,30.0,30.0,1.0,32.50936,30.088672,0.89558,0.483333,1.3,,,0,18.304876,16.111498,1.35,0.542071,158.102003,26.867393
Bulwark,Balanced,Asphalt,OVERHOLD,30.0,30.0,2.5,178.849775,178.849775,0.505846,0.483333,2.55,1.65,68.540166,1,7.326802,11.658966,3.666667,0.697284,114.980382,26.867393
Bulwark,Balanced,Asphalt,LIFT_OFF,30.0,30.0,1.0,16.670865,14.480167,1.12087,0.516667,,,,0,8.0535,6.795676,5.2,0.143155,111.117156,33.62611
Bulwark,Balanced,Asphalt,BRAKE_CORNER,30.0,30.0,1.0,24.61203,10.432302,0.943545,0.516667,,,,0,10.141647,11.233166,6.733333,0.158285,107.259202,28.306364
Bulwark,Balanced,Asphalt,CHICANE,30.0,30.0,1.0,13.778753,13.778753,0.902845,0.483333,1.5,,,0,19.063864,16.426313,0.65,0.045889,163.459926,27.085356
Bulwark,Balanced,Asphalt,EQUAL_COAST,30.0,30.0,0.0,62.319406,34.377468,1.0,0.533333,2.616667,,,0,0.0,0.0,1.983333,0.523589,36.422565,17.847943
Bulwark,Balanced,Asphalt,EQUAL_CATCH,30.0,30.0,0.0,36.986034,34.377468,1.0,0.533333,1.916667,,,0,8.748924,1.770261,1.466667,0.595113,85.647559,21.232598
