class,selectedHoldSeconds,peakSlipDeg,retainedAtRelease,recoverySeconds,exitSpeedMps,firstObservedSpinHoldSeconds
Needle,0.5,19.28952401010696,0.9201680346518024,0.7333333333333334,15.383372976891561,1.0
Line,0.6000000000000001,14.30365074163659,0.8918336514973201,0.7,13.616747934858052,1.3
Bastion,0.8,13.260161538996439,0.8466646658505709,0.6833333333333333,12.78343931540646,2.0
Comet,0.7000000000000001,15.584433270217001,0.9233876004570948,0.6666666666666666,15.730804913728516,1.8
Trail,0.6000000000000001,21.088622980299462,0.8439036759007369,0.75,13.787818383867068,1.0
Flint,0.5,15.581800319946817,0.934058541427413,0.6666666666666667,16.73388268596171,1.0
Quill,0.4,13.645030062455058,0.9399792668429725,0.5833333333333333,17.4261789837982,1.0
Vandal,0.6000000000000001,14.430921166439754,0.8962530490030073,0.6833333333333331,14.762508051564257,1.4000000000000001
Kestrel,0.6000000000000001,14.194204295218883,0.9122001700965314,0.5833333333333333,17.231548942887052,NaN
Bulwark,0.7000000000000001,16.040042581838197,0.9345460044800507,0.7166666666666667,16.896143145176037,1.7000000000000002
