kind,a,b,c,widthW,surface
anchor,0.0,0.0,8.263523930508283,5.15,Asphalt
anchor,34.317026171214884,5.309928051377038,7.272222368891558,4.3,Asphalt
anchor,66.97207195953644,-5.309928051377038,8.088501374423881,3.7,Asphalt
anchor,100.2862357730211,0.0,3.625673869899648,4.3,Asphalt
anchor,100.69159205740645,9.796785809614395,3.6164890180359968,4.3,Asphalt
anchor,38.75009349171696,9.796785809614395,7.315096368453625,5.15,Asphalt
anchor,39.382844764903865,25.089329512427113,7.172224795116275,4.3,Asphalt
anchor,74.77798680244072,25.089329512427113,3.865089198926923,3.7,Asphalt
anchor,75.1833430868261,34.886115322041505,3.706573763607286,4.3,Asphalt
anchor,50.40555407724682,41.986045009556875,7.269888247457017,4.3,Asphalt
anchor,25.4838540590882,27.78618563452614,7.115151491733762,4.3,Asphalt
anchor,1.4434638419576207,34.886115322041505,7.270502470579563,4.3,Asphalt
