course,theme,seed,eligibleCars,lengthM,seconds,finished,hash
foundry,industrial,0,10,546.9910699452633,75.04999999999703,6,-7012667636168412498
foundry,industrial,1,10,546.9910699452633,75.0166666666637,6,247494877900279435
foundry,industrial,2,10,546.9910699452633,73.68333333333044,6,-3754301989164927700
foundry,industrial,3,10,546.9910699452633,75.99999999999697,6,-3489910557673941056
foundry,industrial,4,10,546.9910699452633,75.21666666666368,6,-2889024219720350120
foundry,industrial,5,10,546.9910699452633,74.21666666666374,6,800222744602185691
foundry,industrial,6,10,546.9910699452633,75.499999999997,6,-5372066173218272758
foundry,industrial,7,10,546.9910699452633,74.61666666666372,6,-6680366521691146143
switchback,quarry,0,10,830.4001352511896,110.2166666666617,6,2128703103353441618
switchback,quarry,1,10,830.4001352511896,110.91666666666165,6,5353950583265510843
switchback,quarry,2,10,830.4001352511896,109.66666666666173,6,-2084729499139038371
switchback,quarry,3,10,830.4001352511896,112.66666666666156,6,4773064040119040350
switchback,quarry,4,10,830.4001352511896,110.54999999999501,6,2676985145810335864
switchback,quarry,5,10,830.4001352511896,110.93333333332832,6,-598016685154560536
switchback,quarry,6,10,830.4001352511896,111.69999999999494,6,1203781998746221963
switchback,quarry,7,10,830.4001352511896,110.48333333332835,6,8281001104954279685
redline,desert,0,10,856.6523272993568,106.84999999999522,6,-627702186232467668
redline,desert,1,10,856.6523272993568,104.59999999999535,6,518787918342478951
redline,desert,2,10,856.6523272993568,104.51666666666202,6,6366247670938748358
redline,desert,3,10,856.6523272993568,104.29999999999536,6,9188506833433772876
redline,desert,4,10,856.6523272993568,106.49999999999524,6,6853741668778461003
redline,desert,5,10,856.6523272993568,104.64999999999534,6,7281152653007422963
redline,desert,6,10,856.6523272993568,104.54999999999535,6,-8125973614170880356
redline,desert,7,10,856.6523272993568,104.31666666666203,6,8001398392190176652
runoff,wetland,0,10,676.4270171539297,98.74999999999568,6,-1653113514306735674
runoff,wetland,1,10,676.4270171539297,97.73333333332907,6,-2945851505316546473
runoff,wetland,2,10,676.4270171539297,96.58333333332914,6,3553570654969540371
runoff,wetland,3,10,676.4270171539297,101.33333333332887,6,-1714927041669188712
runoff,wetland,4,10,676.4270171539297,98.66666666666235,6,6781788383389065568
runoff,wetland,5,10,676.4270171539297,98.983333333329,6,2507842104224698054
runoff,wetland,6,10,676.4270171539297,98.99999999999567,6,7142554339986406582
runoff,wetland,7,10,676.4270171539297,97.39999999999576,6,7407128534229538645
crucible,industrial,0,10,487.4112546051795,67.34999999999746,6,5235249512620364974
crucible,industrial,1,10,487.4112546051795,68.48333333333073,6,8308733446681314740
crucible,industrial,2,10,487.4112546051795,66.61666666666417,6,1585617303813115603
crucible,industrial,3,10,487.4112546051795,68.91666666666404,6,588610417299510398
crucible,industrial,4,10,487.4112546051795,68.34999999999741,6,4716907142973631567
crucible,industrial,5,10,487.4112546051795,67.16666666666414,6,-317639144160786642
crucible,industrial,6,10,487.4112546051795,67.8166666666641,6,-4838840768594464336
crucible,industrial,7,10,487.4112546051795,66.46666666666418,6,9210694130836803907
slagway,industrial,0,4,701.4865513015651,92.86666666666268,6,6785173591911034785
slagway,industrial,1,4,701.4865513015651,93.7333333333293,6,-4930377473700901857
slagway,industrial,2,4,701.4865513015651,94.24999999999594,6,1620036796769828919
slagway,industrial,3,4,701.4865513015651,95.36666666666254,6,-3546447731177251225
slagway,industrial,4,4,701.4865513015651,94.19999999999594,6,-7089898506311877280
slagway,industrial,5,4,701.4865513015651,93.26666666666266,6,-1718013611786611107
slagway,industrial,6,4,701.4865513015651,94.58333333332925,6,4596282919899586714
slagway,industrial,7,4,701.4865513015651,94.76666666666257,6,6733002620253151111
railcut,industrial,0,4,856.7416199741544,107.51666666666185,6,-1939983686080934653
railcut,industrial,1,4,856.7416199741544,104.966666666662,6,-20727681764752657
railcut,industrial,2,4,856.7416199741544,107.56666666666185,6,-8704014913203004495
railcut,industrial,3,4,856.7416199741544,108.96666666666177,6,3118389531451319354
railcut,industrial,4,4,856.7416199741544,108.88333333332844,6,-1478676228839449207
railcut,industrial,5,4,856.7416199741544,108.08333333332848,6,5335118648357596783
railcut,industrial,6,4,856.7416199741544,106.68333333332856,6,4640356291819258260
railcut,industrial,7,4,856.7416199741544,109.5333333333284,6,-4161638309659160273
furnace,industrial,0,6,1064.4857824579803,109.61666666666173,6,-625050358489565977
furnace,industrial,1,6,1064.4857824579803,112.79999999999488,6,3719179836007649879
furnace,industrial,2,6,1064.4857824579803,111.51666666666162,6,-7780431981197277085
furnace,industrial,3,6,1064.4857824579803,112.73333333332822,6,-5110213671516832800
furnace,industrial,4,6,1064.4857824579803,111.13333333332831,6,-1083166723468646008
furnace,industrial,5,6,1064.4857824579803,110.2166666666617,6,995190393124950529
furnace,industrial,6,6,1064.4857824579803,112.5499999999949,6,-1294190292143819622
furnace,industrial,7,6,1064.4857824579803,111.56666666666162,6,7299604430841231256
crown,industrial,0,4,1087.0527634660389,107.13333333332854,6,-6429656110985462884
crown,industrial,1,4,1087.0527634660389,108.3166666666618,6,-6027757510840710292
crown,industrial,2,4,1087.0527634660389,107.96666666666182,6,-4591116443720082315
crown,industrial,3,4,1087.0527634660389,106.7166666666619,6,9142991872695628525
crown,industrial,4,4,1087.0527634660389,108.59999999999512,6,1473102164517172485
crown,industrial,5,4,1087.0527634660389,106.98333333332855,6,6138249105826145309
crown,industrial,6,4,1087.0527634660389,107.06666666666187,6,-2888948319609438043
crown,industrial,7,4,1087.0527634660389,108.3666666666618,6,1010346981409339793
scree,quarry,0,4,602.5285425288678,89.71666666666286,6,6520733642159163452
scree,quarry,1,4,602.5285425288678,89.0666666666629,6,-8130670998835856844
scree,quarry,2,4,602.5285425288678,89.81666666666285,6,675515179381454774
scree,quarry,3,4,602.5285425288678,90.24999999999616,6,-8313264822525305236
scree,quarry,4,4,602.5285425288678,87.86666666666297,6,-7340916791722408738
scree,quarry,5,4,602.5285425288678,90.41666666666282,6,3593949971872595487
scree,quarry,6,4,602.5285425288678,89.34999999999621,6,-6024456007003592448
scree,quarry,7,4,602.5285425288678,89.83333333332952,6,3151632010841638558
ballast,quarry,0,4,805.6312545312903,109.03333333332843,6,-1689135218291277357
ballast,quarry,1,4,805.6312545312903,106.26666666666192,6,1845670501539047319
ballast,quarry,2,4,805.6312545312903,111.63333333332828,6,-2033744306582019927
ballast,quarry,3,4,805.6312545312903,107.7333333333285,6,-4581271362048672053
ballast,quarry,4,4,805.6312545312903,110.0666666666617,6,4052512052899957788
ballast,quarry,5,4,805.6312545312903,108.01666666666182,6,1587826946513493543
ballast,quarry,6,4,805.6312545312903,103.63333333332874,6,3168569394984458057
ballast,quarry,7,4,805.6312545312903,109.39999999999507,6,8764529006105809074
cutface,quarry,0,4,854.7762650406945,98.33333333332904,6,-313848274826503803
cutface,quarry,1,4,854.7762650406945,98.78333333332901,6,-4740360950438805410
cutface,quarry,2,4,854.7762650406945,98.81666666666234,6,5731931438770279439
cutface,quarry,3,4,854.7762650406945,98.69999999999568,6,5387653865523493142
cutface,quarry,4,4,854.7762650406945,101.3666666666622,6,2568871065405161207
cutface,quarry,5,4,854.7762650406945,99.01666666666233,6,7721041094312557272
cutface,quarry,6,4,854.7762650406945,97.96666666666239,6,9179261365032814221
cutface,quarry,7,4,854.7762650406945,99.29999999999565,6,-6438968383992603834
haulroad,quarry,0,4,1075.6480078235334,110.53333333332834,6,-4813069533005953657
haulroad,quarry,1,4,1075.6480078235334,110.71666666666167,6,-3864436366327000984
haulroad,quarry,2,4,1075.6480078235334,111.08333333332831,6,-8311005794235314119
haulroad,quarry,3,4,1075.6480078235334,111.53333333332829,6,5926843980442075681
haulroad,quarry,4,4,1075.6480078235334,113.51666666666151,6,-1246555049372608933
haulroad,quarry,5,4,1075.6480078235334,110.04999999999504,6,5303522321266355818
haulroad,quarry,6,4,1075.6480078235334,111.43333333332829,6,-3440088874306661194
haulroad,quarry,7,4,1075.6480078235334,111.7666666666616,6,3099543964352392330
saltline,desert,0,6,940.2076854295232,119.24999999999451,6,-7942164420226289493
saltline,desert,1,6,940.2076854295232,118.74999999999454,6,1752702383454604467
saltline,desert,2,6,940.2076854295232,118.39999999999456,6,-8135768760108786294
saltline,desert,3,6,940.2076854295232,118.19999999999457,6,531509587332603300
saltline,desert,4,6,940.2076854295232,120.86666666666109,6,-2496303735737134284
saltline,desert,5,6,940.2076854295232,119.18333333332785,6,1635223751661607876
saltline,desert,6,6,940.2076854295232,120.53333333332777,6,9115858827733849540
saltline,desert,7,6,940.2076854295232,118.8666666666612,6,8830018510123794603
dustwake,desert,0,6,830.2137672464439,101.74999999999551,6,-1406872214457937890
dustwake,desert,1,6,830.2137672464439,101.86666666666217,6,-7683192584735086208
dustwake,desert,2,6,830.2137672464439,100.86666666666223,6,3323931159203973905
dustwake,desert,3,6,830.2137672464439,101.58333333332885,6,5204442982074551451
dustwake,desert,4,6,830.2137672464439,106.28333333332859,6,7139517685405233081
dustwake,desert,5,6,830.2137672464439,104.11666666666204,6,-6268100956966502706
dustwake,desert,6,6,830.2137672464439,100.71666666666223,6,-4957111570416755685
dustwake,desert,7,6,830.2137672464439,100.99999999999555,6,-1070184884586520447
mirage,desert,0,6,900.1108946045955,98.933333333329,6,-6811607353619446123
mirage,desert,1,6,900.1108946045955,100.33333333332892,6,7555373059073126102
mirage,desert,2,6,900.1108946045955,98.14999999999571,6,-2562362190395632894
mirage,desert,3,6,900.1108946045955,99.76666666666229,6,-1752401044350421108
mirage,desert,4,6,900.1108946045955,99.29999999999565,6,1103403284145756223
mirage,desert,5,6,900.1108946045955,98.73333333332901,6,-5115878027768605149
mirage,desert,6,6,900.1108946045955,100.93333333332889,6,-8116046261335784336
mirage,desert,7,6,900.1108946045955,99.28333333332898,6,-6316500977835048949
sunspike,desert,0,4,1103.7365978719886,111.59999999999495,6,-6338334756587844510
sunspike,desert,1,4,1103.7365978719886,111.56666666666162,6,241258909935257673
sunspike,desert,2,4,1103.7365978719886,112.73333333332822,6,-3848322173548102055
sunspike,desert,3,4,1103.7365978719886,111.36666666666163,6,5437245451852566512
sunspike,desert,4,4,1103.7365978719886,113.6166666666615,6,1044524668066310620
sunspike,desert,5,4,1103.7365978719886,112.53333333332823,6,1949268466457410041
sunspike,desert,6,4,1103.7365978719886,111.39999999999496,6,-5721811027505745025
sunspike,desert,7,4,1103.7365978719886,111.88333333332827,6,-2422316359397721910
sluice,wetland,0,4,692.9227997189522,94.1666666666626,6,719950272177191414
sluice,wetland,1,4,692.9227997189522,94.33333333332926,6,-4329701653410932845
sluice,wetland,2,4,692.9227997189522,95.49999999999586,6,433296468005915017
sluice,wetland,3,4,692.9227997189522,94.49999999999592,6,-4476564566047706506
sluice,wetland,4,4,692.9227997189522,95.84999999999584,6,3876730034077944739
sluice,wetland,5,4,692.9227997189522,97.01666666666245,6,1264315459153245418
sluice,wetland,6,4,692.9227997189522,95.83333333332918,6,-4984894857928528849
sluice,wetland,7,4,692.9227997189522,94.91666666666256,6,-8527551790390511038
reedcut,wetland,0,4,762.3949964135703,100.94999999999555,6,-5127030992848420905
reedcut,wetland,1,4,762.3949964135703,98.58333333332902,6,-221087340101456962
reedcut,wetland,2,4,762.3949964135703,101.91666666666217,6,453955861632703814
reedcut,wetland,3,4,762.3949964135703,100.31666666666226,6,4400491650972137877
reedcut,wetland,4,4,762.3949964135703,103.6499999999954,6,-1923478332975332374
reedcut,wetland,5,4,762.3949964135703,100.26666666666226,6,4920701063875549804
reedcut,wetland,6,4,762.3949964135703,99.34999999999565,6,-8288684789605155287
reedcut,wetland,7,4,762.3949964135703,101.74999999999551,6,4783923961430077250
spillway,wetland,0,4,1008.8462403949751,108.3666666666618,6,554493859617216302
spillway,wetland,1,4,1008.8462403949751,109.91666666666171,6,3398937470305194059
spillway,wetland,2,4,1008.8462403949751,108.81666666666177,6,2009870648889395467
spillway,wetland,3,4,1008.8462403949751,109.76666666666172,6,3121478735469091438
spillway,wetland,4,4,1008.8462403949751,109.6333333333284,6,4826121896911918420
spillway,wetland,5,4,1008.8462403949751,108.48333333332846,6,-5547655337050253848
spillway,wetland,6,4,1008.8462403949751,110.71666666666167,6,8974546348686156218
spillway,wetland,7,4,1008.8462403949751,109.06666666666176,6,-1479633443093506028
lowwater,wetland,0,4,960.0805476519718,100.28333333332893,6,589265915113362673
lowwater,wetland,1,4,960.0805476519718,100.56666666666224,6,-7733806029099341302
lowwater,wetland,2,4,960.0805476519718,99.39999999999564,6,-7853776440165646997
lowwater,wetland,3,4,960.0805476519718,99.69999999999563,6,-1549121923893479696
lowwater,wetland,4,4,960.0805476519718,99.86666666666228,6,1864300769152608651
lowwater,wetland,5,4,960.0805476519718,99.96666666666228,6,-5243224324661588115
lowwater,wetland,6,4,960.0805476519718,100.13333333332893,6,-4202234200209135842
lowwater,wetland,7,4,960.0805476519718,98.91666666666234,6,-3564354128583436071
ridge,alpine,0,4,634.8177682758982,90.94999999999612,6,9036172635378583275
ridge,alpine,1,4,634.8177682758982,90.7166666666628,6,-7108910425469567859
ridge,alpine,2,4,634.8177682758982,93.94999999999595,6,-7131681964957936578
ridge,alpine,3,4,634.8177682758982,91.56666666666275,6,7791174873238662663
ridge,alpine,4,4,634.8177682758982,93.96666666666262,6,-4416428549894245772
ridge,alpine,5,4,634.8177682758982,91.63333333332942,6,-9055502741318601176
ridge,alpine,6,4,634.8177682758982,89.46666666666287,6,-3857804261309540966
ridge,alpine,7,4,634.8177682758982,94.73333333332924,6,5877445733696495741
frostline,alpine,0,4,857.6332526481478,95.06666666666256,6,158975329473236673
frostline,alpine,1,4,857.6332526481478,96.86666666666245,6,559610420307294862
frostline,alpine,2,4,857.6332526481478,96.68333333332913,6,2068712611722464948
frostline,alpine,3,4,857.6332526481478,95.44999999999587,6,-4956484977991132939
frostline,alpine,4,4,857.6332526481478,97.03333333332911,6,4362206964556137315
frostline,alpine,5,4,857.6332526481478,97.41666666666242,6,-9117240804838228781
frostline,alpine,6,4,857.6332526481478,94.51666666666259,6,5396481454887793274
frostline,alpine,7,4,857.6332526481478,94.8499999999959,6,-6091799838304341570
highpass,alpine,0,4,939.2201591318238,99.4666666666623,6,-6740293956630901141
highpass,alpine,1,4,939.2201591318238,99.54999999999563,6,-8623575556000651306
highpass,alpine,2,4,939.2201591318238,98.78333333332901,6,2006727368359447631
highpass,alpine,3,4,939.2201591318238,99.54999999999563,6,2404147366640246195
highpass,alpine,4,4,939.2201591318238,100.31666666666226,6,7251547287920276058
highpass,alpine,5,4,939.2201591318238,99.39999999999564,6,336452967574122731
highpass,alpine,6,4,939.2201591318238,99.48333333332897,6,-3500275992510930414
highpass,alpine,7,4,939.2201591318238,99.4666666666623,6,7254281424409119749
summit,alpine,0,4,870.7640610461189,91.81666666666274,6,-8513151851280435269
summit,alpine,1,4,870.7640610461189,91.2499999999961,6,3481863320040797745
summit,alpine,2,4,870.7640610461189,89.63333333332953,6,3274707711806179327
summit,alpine,3,4,870.7640610461189,89.83333333332952,6,1933269349272648035
summit,alpine,4,4,870.7640610461189,92.0333333333294,6,-9127786639348363273
summit,alpine,5,4,870.7640610461189,90.7666666666628,6,-3259054535250238142
summit,alpine,6,4,870.7640610461189,90.73333333332947,6,-4510002256001423018
summit,alpine,7,4,870.7640610461189,90.36666666666282,6,8190319549312687657
