kind,a,b,c,widthW,surface
anchor,0.0,0.0,3.8834531284304297,4.3,Asphalt
anchor,17.083932305543595,2.979246279110761,7.5250579286078745,5.15,Asphalt
anchor,32.29863496620548,-2.979246279110761,7.805765971493611,4.15,Asphalt
anchor,48.8936309621278,0.0,8.148041227547903,5.15,Asphalt
anchor,54.63819510666377,37.197465746278255,3.828997267220645,5.15,Asphalt
anchor,46.61963962887481,37.197465746278255,3.8746994216171453,4.3,Asphalt
anchor,40.64706946129155,26.907294085739643,7.539906914195386,4.3,Asphalt
anchor,47.871483652409616,16.919774532863933,8.240062419015056,4.15,Asphalt
anchor,41.945653347638725,6.93225497998822,7.957825950842995,4.3,Asphalt
anchor,26.49526596360634,6.93225497998822,7.266153617081909,5.15,Asphalt
anchor,30.12478603674498,30.434290156045847,3.5672170186682486,5.15,Asphalt
anchor,22.10623055895602,30.434290156045847,3.562497822600839,4.3,Asphalt
anchor,19.547288349117267,13.86450995997644,3.745225179249155,4.15,Asphalt
anchor,10.15971120438873,13.86450995997644,3.7805347504616305,4.3,Asphalt
anchor,13.763119622324933,37.197465746278255,3.596228048348969,5.15,Asphalt
anchor,5.744564144535974,37.197465746278255,3.8027592949550333,4.3,Asphalt
anchor,1.1025598541903268,24.550327392543647,7.29922953868698,5.15,Asphalt
anchor,4.584558648900288,12.275163696271823,7.898949833518088,4.15,Asphalt
