event,number,act,fieldTarget,ratioTarget,rewardScale,rivalGrant,fieldTier,ratioBasis
scrap-1,1,0,367,0.89,1.6,0,0,lap-field
scrap-2,2,0,370,0.95,1.6,40,0,lap-field
scrap-3,3,0,374,0.98,1.6,40,0,lap-field
scrap-4,4,0,380,1.0,1.6,40,0,lap-field
scrap-5,5,0,390,0.98,1.6,40,0,lap-field
scrap-6,6,0,405,0.96,1.6,40,0,lap-field
scrap-7,7,0,505,0.89,1.6,900,1,lap-field
foundry-1,8,1,505,0.89,2.2,350,1,lap-field
foundry-2,9,1,520,0.95,2.2,40,1,lap-field
foundry-3,10,1,535,0.98,2.2,40,1,lap-field
foundry-4,11,1,550,1.0,2.2,40,1,lap-field
foundry-5,12,1,570,0.98,2.2,40,1,lap-field
foundry-6,13,1,590,0.96,2.2,40,1,lap-field
foundry-7,14,1,620,0.89,2.2,1100,2,lap-field
salt-1,15,2,620,0.89,2.2,500,2,lap-field
salt-2,16,2,625,0.95,2.2,40,2,lap-field
salt-3,17,2,630,0.98,2.2,40,2,lap-field
salt-4,18,2,635,1.0,2.2,40,2,lap-field
salt-5,19,2,640,0.98,2.2,40,2,lap-field
salt-6,20,2,645,0.96,2.2,40,2,lap-field
salt-7,21,2,705,0.89,2.2,2000,3,lap-field
switchback-1,22,3,705,0.89,2.4,650,3,lap-field
switchback-2,23,3,720,0.95,2.4,40,3,lap-field
switchback-3,24,3,730,0.98,2.4,40,3,lap-field
switchback-4,25,3,740,1.0,2.4,40,3,lap-field
switchback-5,26,3,755,0.98,2.4,40,3,lap-field
switchback-6,27,3,775,0.96,2.4,40,3,lap-field
switchback-7,28,3,825,0.89,2.4,2600,4,lap-field
crown-1,29,4,825,0.89,2.6,800,4,lap-field
crown-2,30,4,825,0.95,2.6,40,4,lap-field
crown-3,31,4,825,0.98,2.6,40,4,lap-field
crown-4,32,4,825,1.0,2.6,40,4,lap-field
crown-5,33,4,825,0.98,2.6,40,4,lap-field
crown-6,34,4,825,0.96,2.6,40,4,lap-field
crown-7,35,4,635,0.525,2.6,1700,4,supplied-rig
