key,value,min,max,unit
gravityMps2,9.81,9,11,m/s2
referenceMassKg,1210.0,500,3000,kg
referenceWidthM,3.75,2,6,m
referenceYawLengthM,1.25,0.5,5,m
referenceWheelbaseM,4.992,3,7,m
steeringSpeedOffsetMps,7.0,3,14,m/s
loadSensitivity,0.16,0,0.5,exponent
peakSlipRadians,0.16,0.06,0.4,rad
slidingGripFraction,0.64,0.25,1,fraction
falloffRadians,0.38,0.1,1,rad
minimumAxleLoad,0.16,0.05,0.3,fraction
maxTransferFraction,0.24,0.05,0.35,fraction
lateralTransferLoss,0.22,0,0.5,fraction
driveFrontFraction,0.42,0.1,0.8,fraction
brakeFrontFraction,0.58,0.3,0.8,fraction
handbrakeRearGrip,0.22,0.05,0.7,fraction
handbrakeDecelerationMps2,3.0,0.5,8,m/s2
coastDecelerationMps2,0.7,0,3,m/s2
slideDragScale,0.22,0.05,1,fraction
lowSpeedMps,3.0,1,6,m/s
physicalBlendStartRadians,0.18,0.05,0.4,rad
physicalBlendEndRadians,0.7,0.4,1.2,rad
handbrakePhysicalBlend,0.45,0.1,1,fraction
yawTorqueScale,1.0,0.2,2,scale
countersteerGain,0.55,0,1.5,scale
countersteerFullSpeedMps,16.0,5,40,m/s
assistFadeStartRadians,0.72,0.3,1.2,rad
spinSlipRadians,1.18,0.8,1.6,rad
spinMinSpeedMps,7.0,3,15,m/s
spinSettleSeconds,0.4,0.1,2,s
recoveredYawRadPerSecond,0.35,0.1,1,rad/s
qualityFullHoldSeconds,1.0,0.2,3,s
qualitySteerRatePerSecond,8.0,2,20,1/s
qualitySmoothSeconds,0.25,0.05,1,s
aiSlipThrottleLimit,0.38,0.1,0.8,fraction
aiCountersteerGain,1.4,0.3,3,1/rad
