laps,event,difficulty,seed,car,seconds,completedLaps,finished,wrecked,early,position,hp,playerPR,fieldPR,hash
3,1,0,23,Line,67.69999999999744,3,true,false,false,1,100.0,413.5052871490001,370.5215438978,-4434627611062816394
3,1,0,120,Line,64.58333333333096,3,true,false,false,1,87.91599999999994,413.5052871490001,370.5215438978,7121545340456500266
3,1,1,724,Line,71.24999999999724,3,true,false,false,3,65.29249475661115,413.5052871490001,370.5215438978,4267563734295830407
3,1,1,821,Line,72.98333333333048,3,true,false,false,5,80.98146872114611,413.5052871490001,370.5215438978,7393515018474315889
3,1,2,1425,Line,64.91666666666427,3,true,false,false,1,86.31999999999991,413.5052871490001,370.5215438978,209712567894645972
3,1,2,1522,Line,67.03333333333082,3,true,false,false,1,99.8176,413.5052871490001,370.5215438978,-357367864782181826
3,7,0,47537,Line,75.26666666666368,3,true,false,false,1,100.0,490.23776352400006,511.59147402880006,2447598657549594772
3,7,0,47634,Line,79.88333333333009,3,true,false,false,4,93.17239507967903,490.23776352400006,511.59147402880006,5896664076788283373
3,7,1,48238,Line,77.9833333333302,3,true,false,false,4,92.37655806407389,490.23776352400006,511.59147402880006,-5017938246313305214
3,7,1,48335,Line,75.76666666666365,3,true,false,false,3,76.76230648403929,490.23776352400006,511.59147402880006,6287839388098040611
3,7,2,48939,Line,79.28333333333012,3,true,false,false,4,82.82352591210685,490.23776352400006,511.59147402880006,-8913273654126694616
3,7,2,49036,Line,76.41666666666362,3,true,false,false,3,75.88137248564382,490.23776352400006,511.59147402880006,3432503452028409542
3,8,0,55456,Bastion,86.49999999999638,3,true,false,false,1,84.65989498820906,576.4275042559999,511.59147402880006,-5566213743176603724
3,8,0,55553,Bastion,91.33333333332943,3,true,false,false,1,100.0,576.4275042559999,511.59147402880006,-2035091091950169019
3,8,1,56157,Bastion,87.9499999999963,3,true,false,false,1,100.0,576.4275042559999,511.59147402880006,1826193074018365617
3,8,1,56254,Bastion,93.6333333333293,3,true,false,false,3,80.02217346909279,576.4275042559999,511.59147402880006,6789749790002850132
3,8,2,56858,Bastion,96.13333333332916,3,true,false,false,6,90.90222392044284,576.4275042559999,511.59147402880006,-990635873501768697
3,8,2,56955,Bastion,88.04999999999629,3,true,false,false,2,69.02333442627598,576.4275042559999,511.59147402880006,-3006221380380342653
3,14,0,102970,Bastion,59.79999999999789,3,true,false,false,4,89.59468450110849,607.91485869,628.3890009429999,-7463665737740351979
3,14,0,103067,Bastion,58.833333333331275,3,true,false,false,2,75.024706249024,607.91485869,628.3890009429999,-2717166679178609553
3,14,1,103671,Bastion,59.299999999997915,3,true,false,false,6,89.63200000000003,607.91485869,628.3890009429999,4248692175605615752
3,14,1,103768,Bastion,62.299999999997745,3,true,false,false,6,76.44596217937797,607.91485869,628.3890009429999,5388288152370244777
3,14,2,104372,Bastion,56.299999999998086,3,true,false,false,3,90.2966904598174,607.91485869,628.3890009429999,-5390280462921293282
3,14,2,104469,Bastion,59.533333333331235,3,true,false,false,5,94.7887316611204,607.91485869,628.3890009429999,-4699472165511221830
3,15,0,110889,Comet,88.5333333333296,3,true,false,false,1,82.0,632.2032497330001,628.3890009429999,-602939399766514514
3,15,0,110986,Comet,85.44999999999644,3,true,false,false,1,74.70643143652286,632.2032497330001,628.3890009429999,-8436980607376980384
3,15,1,111590,Comet,85.4666666666631,3,true,false,false,1,60.563200000000066,632.2032497330001,628.3890009429999,-458707142238067766
3,15,1,111687,Comet,86.28333333332972,3,true,false,false,1,82.0,632.2032497330001,628.3890009429999,-8227572321060869785
3,15,2,112291,Comet,84.74999999999648,3,true,false,false,1,6.952823817432273,632.2032497330001,628.3890009429999,-6764356676110346286
3,15,2,112388,Comet,87.51666666666299,3,true,false,false,2,81.82722691522609,632.2032497330001,628.3890009429999,-2836867296001326325
3,21,0,158403,Comet,87.29999999999633,3,true,false,false,3,63.68609543430241,632.2032497330001,649.1700245272001,5746618410309948279
3,21,0,158500,Comet,87.166666666663,3,true,false,false,2,15.831839944785735,632.2032497330001,649.1700245272001,-3674464429905011732
3,21,1,159104,Comet,87.44999999999632,3,true,false,false,5,24.90747463488539,632.2032497330001,649.1700245272001,-4268798177885358594
3,21,1,159201,Comet,87.51666666666299,3,true,false,false,4,36.64133906885465,632.2032497330001,649.1700245272001,-4589091421325377709
3,21,2,159805,Comet,86.33333333332972,3,true,false,false,5,10.399434129525247,632.2032497330001,649.1700245272001,-1806942079167087326
3,21,2,159902,Comet,87.14999999999634,3,true,false,false,5,29.687817794473588,632.2032497330001,649.1700245272001,7901981770514414277
3,22,0,166322,Vandal,80.6999999999967,3,true,false,false,1,74.88968874293096,648.930117228,649.1700245272001,-5792507426880469802
3,22,0,166419,Vandal,83.24999999999656,3,true,false,false,3,93.07797093852444,648.930117228,649.1700245272001,-5855615686593062311
3,22,1,167023,Vandal,80.94999999999669,3,true,false,false,3,51.49826559796717,648.930117228,649.1700245272001,6795460900506653676
3,22,1,167120,Vandal,82.91666666666325,3,true,false,false,4,47.20554443696511,648.930117228,649.1700245272001,-5323810812706352980
3,22,2,167724,Vandal,83.41666666666322,3,true,false,false,6,68.63136154431712,648.930117228,649.1700245272001,-7161213071346478585
3,22,2,167821,Vandal,79.26666666666345,3,true,false,false,2,39.43150484841884,648.930117228,649.1700245272001,4541644475798887008
3,28,0,213836,Vandal,82.21666666666329,3,true,false,false,2,79.22696079080896,648.930117228,659.1127535523999,5924551709937778998
3,28,0,213933,Vandal,81.59999999999665,3,true,false,false,2,94.27200000000005,648.930117228,659.1127535523999,5640990042625423837
3,28,1,214537,Vandal,80.41666666666339,3,true,false,false,3,53.936959715177025,648.930117228,659.1127535523999,-3036444350319660263
3,28,1,214634,Vandal,84.13333333332984,3,true,false,false,6,83.33915412417548,648.930117228,659.1127535523999,434777993045103518
3,28,2,215238,Vandal,82.46666666666327,3,true,false,false,6,89.2849435904865,648.930117228,659.1127535523999,2419628962582152690
3,28,2,215335,Vandal,80.64999999999671,3,true,false,false,4,58.27046501265733,648.930117228,659.1127535523999,4206330815671077949
3,29,0,221755,Bulwark,91.3999999999961,3,true,false,false,1,97.00479999999999,671.07714709,656.356270498,3564428156963294321
3,29,0,221852,Bulwark,92.79999999999602,3,true,false,false,1,100.0,671.07714709,656.356270498,4824836693551641052
3,29,1,222456,Bulwark,91.86666666666274,3,true,false,false,1,89.87157382843375,671.07714709,656.356270498,5889331794465225788
3,29,1,222553,Bulwark,96.29999999999582,3,true,false,false,2,60.97834201943461,671.07714709,656.356270498,1179367479184901521
3,29,2,223157,Bulwark,92.79999999999602,3,true,false,false,2,99.60618766051664,671.07714709,656.356270498,3668789177165990368
3,29,2,223254,Bulwark,98.46666666666236,3,true,false,false,6,62.38006204938807,671.07714709,656.356270498,2593453755320149330
3,35,0,269269,Bulwark,96.48333333332914,3,true,false,false,1,96.08319999999995,671.07714709,637.3540759220001,-6779281623441105443
3,35,0,269366,Bulwark,93.94999999999595,3,true,false,false,1,89.94512034315879,671.07714709,637.3540759220001,-3419729056348032895
3,35,1,269970,Bulwark,97.43333333332909,3,true,false,false,2,99.85931982571958,671.07714709,637.3540759220001,-2162012888797510766
3,35,1,270067,Bulwark,92.79999999999602,3,true,false,false,1,100.0,671.07714709,637.3540759220001,-6866332437985599368
3,35,2,270671,Bulwark,92.11666666666272,3,true,false,false,1,100.0,671.07714709,637.3540759220001,-1192932619633891027
3,35,2,270768,Bulwark,95.24999999999588,3,true,false,false,2,100.0,671.07714709,637.3540759220001,7980777023800360467
12,1,0,23,Line,263.38333333342246,12,true,false,false,1,100.0,413.5052871490001,370.5215438978,7705519556373055022
12,1,0,120,Line,260.3500000000919,12,true,false,false,1,100.0,413.5052871490001,370.5215438978,-8654362123364155285
12,1,1,724,Line,271.70000000008156,12,true,false,false,2,97.62879999999998,413.5052871490001,370.5215438978,125185713832095210
12,1,1,821,Line,274.18333333341263,12,true,false,false,3,80.45889580685564,413.5052871490001,370.5215438978,4954240291225147975
12,1,2,1425,Line,251.75000000009248,12,true,false,false,1,86.31999999999991,413.5052871490001,370.5215438978,-4981021603985977389
12,1,2,1522,Line,259.60000000009256,12,true,false,false,1,100.0,413.5052871490001,370.5215438978,-1008303059823492812
12,7,0,47537,Line,294.6166666667274,12,true,false,false,1,100.0,490.23776352400006,511.59147402880006,-2695321459307792781
12,7,0,47634,Line,307.00000000004945,12,true,false,false,4,93.17239507967903,490.23776352400006,511.59147402880006,-5460185502942810260
12,7,1,48238,Line,301.75000000005423,12,true,false,false,4,100.0,490.23776352400006,511.59147402880006,6643007729207112556
12,7,1,48335,Line,296.31666666672584,12,true,false,false,4,65.25090552636753,490.23776352400006,511.59147402880006,8948740575833849275
12,7,2,48939,Line,306.18333333338353,12,true,false,false,4,96.16959999999997,490.23776352400006,511.59147402880006,3252345858480406378
12,7,2,49036,Line,291.63333333339676,12,true,false,false,3,75.88137248564382,490.23776352400006,511.59147402880006,8374552523007870272
12,8,0,55456,Bastion,338.4333333333542,12,true,false,false,1,79.09178418935775,576.4275042559999,511.59147402880006,-3162234011993724289
12,8,0,55553,Bastion,350.45000000000994,12,true,false,false,1,100.0,576.4275042559999,511.59147402880006,133931281460197001
12,8,1,56157,Bastion,340.5333333333523,12,true,false,false,1,100.0,576.4275042559999,511.59147402880006,4591182153901529115
12,8,1,56254,Bastion,359.5000000000017,12,true,false,false,2,95.33440000000009,576.4275042559999,511.59147402880006,-3881465238018591766
12,8,2,56858,Bastion,357.73333333333665,12,true,false,false,5,97.6597035296584,576.4275042559999,511.59147402880006,5735370402455133248
12,8,2,56955,Bastion,341.7000000000179,12,true,false,false,2,68.5743717089364,576.4275042559999,511.59147402880006,-1291883025327330629
12,14,0,102970,Bastion,222.2666666667357,12,true,false,false,4,88.0394845011085,607.91485869,628.3890009429999,4139389253362456096
12,14,0,103067,Bastion,229.35000000007466,12,true,false,false,3,98.6332099403828,607.91485869,628.3890009429999,-1934433030202563806
12,14,1,103671,Bastion,223.98333333340372,12,true,false,false,6,86.17600000000004,607.91485869,628.3890009429999,-5093117479645582350
12,14,1,103768,Bastion,229.6500000000749,12,true,false,false,6,67.58996217937795,607.91485869,628.3890009429999,344744979084697089
12,14,2,104372,Bastion,223.7500000000702,12,true,false,false,6,100.0,607.91485869,628.3890009429999,5232914429622782114
12,14,2,104469,Bastion,228.6500000000741,12,true,false,false,6,100.0,607.91485869,628.3890009429999,-7382394221528256863
12,15,0,110889,Comet,347.5833333333459,12,true,false,false,1,76.67775999999992,632.2032497330001,628.3890009429999,-4944723824577431486
12,15,0,110986,Comet,336.1666666666896,12,true,false,false,1,67.75829501225347,632.2032497330001,628.3890009429999,1622971784495961002
12,15,1,111590,Comet,335.9500000000231,12,true,false,false,1,60.563200000000066,632.2032497330001,628.3890009429999,1570809049201952328
12,15,1,111687,Comet,337.3000000000219,12,true,false,false,1,82.0,632.2032497330001,628.3890009429999,2219100475792023204
12,15,2,112291,Comet,333.43333333335875,12,true,false,false,1,6.324575758107308,632.2032497330001,628.3890009429999,821718080830659441
12,15,2,112388,Comet,347.5833333333459,12,true,false,false,3,81.34126102023492,632.2032497330001,628.3890009429999,2704677793140331752
12,21,0,158403,Comet,334.3333333333579,12,true,false,false,2,82.0,632.2032497330001,649.1700245272001,-4022091541030026655
12,21,0,158500,Comet,332.05000000002667,12,true,false,false,1,0.47430920883307376,632.2032497330001,649.1700245272001,-2962340626000632908
12,21,1,159104,Comet,337.3666666666885,12,true,false,false,5,82.0,632.2032497330001,649.1700245272001,6809651336536246486
12,21,1,159201,Comet,330.30000000002826,12,true,false,false,4,33.313175350866544,632.2032497330001,649.1700245272001,-4299018266230151689
12,21,2,159805,Comet,329.833333333362,12,true,false,false,4,7.4426341295252465,632.2032497330001,649.1700245272001,1092127766363630056
12,21,2,159902,Comet,329.7666666666954,12,true,false,false,5,77.68781779447359,632.2032497330001,649.1700245272001,-3342228422534685198
12,22,0,166322,Vandal,312.9000000000441,12,true,false,false,1,96.0,648.930117228,649.1700245272001,7349104447221024475
12,22,0,166419,Vandal,323.4166666667012,12,true,false,false,3,96.0,648.930117228,649.1700245272001,3097418164534530122
12,22,1,167023,Vandal,317.61666666670646,12,true,false,false,3,96.0,648.930117228,649.1700245272001,-9141198185785485175
12,22,1,167120,Vandal,317.13333333337357,12,true,false,false,3,36.18002861878834,648.930117228,649.1700245272001,-1812305280539183805
12,22,2,167724,Vandal,322.7000000000352,12,true,false,false,6,96.0,648.930117228,649.1700245272001,3736122001213444049
12,22,2,167821,Vandal,308.0833333333818,12,true,false,false,2,34.463504848418815,648.930117228,649.1700245272001,-3143764103441169309
12,28,0,213836,Vandal,321.20000000003654,12,true,false,false,2,42.351186064154916,648.930117228,659.1127535523999,-1275646700797741949
12,28,0,213933,Vandal,317.8500000000396,12,true,false,false,2,92.3280000000001,648.930117228,659.1127535523999,-8954881304564507867
12,28,1,214537,Vandal,314.0000000000431,12,true,false,false,3,94.73074768007,648.930117228,659.1127535523999,1236929716100121422
12,28,1,214634,Vandal,323.36666666670124,12,true,false,false,6,83.33915412417548,648.930117228,659.1127535523999,5673568087326513542
12,28,2,215238,Vandal,317.016666666707,12,true,false,false,6,89.24951243290928,648.930117228,659.1127535523999,260315815827590946
12,28,2,215335,Vandal,310.5666666667129,12,true,false,false,4,44.61033320637663,648.930117228,659.1127535523999,8539400482402627888
12,29,0,221755,Bulwark,360.0500000000012,12,true,false,false,1,97.00479999999999,671.07714709,656.356270498,1320713348110564824
12,29,0,221852,Bulwark,365.7166666666627,12,true,false,false,1,100.0,671.07714709,656.356270498,2477950292114835811
12,29,1,222456,Bulwark,360.75000000000057,12,true,false,false,1,89.87157382843375,671.07714709,656.356270498,-6768507621939478925
12,29,1,222553,Bulwark,373.2499999999892,12,true,false,false,2,100.0,671.07714709,656.356270498,8795353285393917160
12,29,2,223157,Bulwark,368.18333333332714,12,true,false,false,4,100.0,671.07714709,656.356270498,-2251986326023881114
12,29,2,223254,Bulwark,379.5666666666501,12,true,false,false,6,86.38006204938807,671.07714709,656.356270498,8898336360056099598
12,35,0,269269,Bulwark,378.04999999998483,12,true,false,false,1,100.0,671.07714709,637.3540759220001,-1620596041488239285
12,35,0,269366,Bulwark,364.316666666664,12,true,false,false,1,89.94512034315879,671.07714709,637.3540759220001,-6537049397325610424
12,35,1,269970,Bulwark,374.0499999999885,12,true,false,false,1,97.55531982571958,671.07714709,637.3540759220001,-5163981841907222397
12,35,1,270067,Bulwark,365.18333333332987,12,true,false,false,1,100.0,671.07714709,637.3540759220001,-7687849777677675992
12,35,2,270671,Bulwark,362.94999999999857,12,true,false,false,1,100.0,671.07714709,637.3540759220001,-3734933700956083492
12,35,2,270768,Bulwark,371.8666666666571,12,true,false,false,2,100.0,671.07714709,637.3540759220001,-6774868001855072277
18,1,0,23,Line,394.6666666666364,18,true,false,false,1,99.8880152516054,413.5052871490001,370.5215438978,-2699884433813105625
18,1,0,120,Line,384.9666666666452,18,true,false,false,1,100.0,413.5052871490001,370.5215438978,2844645601261468409
18,1,1,724,Line,404.966666666627,18,true,false,false,2,99.088,413.5052871490001,370.5215438978,8767132982755585786
18,1,1,821,Line,406.1333333332926,18,true,false,false,3,80.45889580685564,413.5052871490001,370.5215438978,-1408995370400974451
18,1,2,1425,Line,376.94999999998583,18,true,false,false,1,86.31999999999991,413.5052871490001,370.5215438978,99569139981679652
18,1,2,1522,Line,387.83333333330927,18,true,false,false,1,100.0,413.5052871490001,370.5215438978,-5618996953409193934
18,7,0,47537,Line,440.4166666665948,18,true,false,false,1,100.0,490.23776352400006,511.59147402880006,486272767143034565
18,7,0,47634,Line,458.84999999991135,18,true,false,false,4,100.0,490.23776352400006,511.59147402880006,-3784361253425747121
18,7,1,48238,Line,451.53333333325133,18,true,false,false,4,100.0,490.23776352400006,511.59147402880006,9086663619067529575
18,7,1,48335,Line,439.36666666659573,18,true,false,false,4,65.25090552636753,490.23776352400006,511.59147402880006,271158307325962518
18,7,2,48939,Line,457.4833333332459,18,true,false,false,4,96.53439999999998,490.23776352400006,511.59147402880006,644022356395505020
18,7,2,49036,Line,437.7333333332639,18,true,false,false,4,75.69029074449479,490.23776352400006,511.59147402880006,-113379349049196190
18,8,0,55456,Bastion,514.1166666665277,18,true,false,false,1,72.42766552453146,576.4275042559999,511.59147402880006,-2065582657005532961
18,8,0,55553,Bastion,523.1499999998529,18,true,false,false,1,100.0,576.4275042559999,511.59147402880006,-7319587931752616918
18,8,1,56157,Bastion,509.799999999865,18,true,false,false,1,100.0,576.4275042559999,511.59147402880006,-616786358516839856
18,8,1,56254,Bastion,535.4499999998417,18,true,false,false,2,99.30880000000002,576.4275042559999,511.59147402880006,-8285675043771022170
18,8,2,56858,Bastion,530.1333333331798,18,true,false,false,4,92.869954062531,576.4275042559999,511.59147402880006,8970650649474016028
18,8,2,56955,Bastion,513.8499999998613,18,true,false,false,2,67.58751005867364,576.4275042559999,511.59147402880006,-6744404328465827433
18,14,0,102970,Bastion,332.8666666666926,18,true,false,false,4,86.71445160201573,607.91485869,628.3890009429999,618093057913313842
18,14,0,103067,Bastion,347.21666666667954,18,true,false,false,5,96.43944651875468,607.91485869,628.3890009429999,3417280831111054458
18,14,1,103671,Bastion,332.95000000002585,18,true,false,false,6,86.17600000000004,607.91485869,628.3890009429999,-4720705051561408122
18,14,1,103768,Bastion,341.33333333335156,18,true,false,false,6,88.47956217937798,607.91485869,628.3890009429999,3908405963360826259
18,14,2,104372,Bastion,334.63333333335765,18,true,false,false,6,99.45538630404972,607.91485869,628.3890009429999,5338835981902545081
18,14,2,104469,Bastion,342.1833333333508,18,true,false,false,6,100.0,607.91485869,628.3890009429999,-5418119372611644910
18,15,0,110889,Comet,519.5166666665228,18,true,false,false,1,81.84137409453034,632.2032497330001,628.3890009429999,6746946718255335828
18,15,0,110986,Comet,509.2166666665322,18,true,false,false,1,48.96888192375415,632.2032497330001,628.3890009429999,2196138821769405602
18,15,1,111590,Comet,503.2333333332043,18,true,false,false,1,60.563200000000066,632.2032497330001,628.3890009429999,6596743277479339194
18,15,1,111687,Comet,505.783333333202,18,true,false,false,1,82.0,632.2032497330001,628.3890009429999,293207223042975779
18,15,2,112291,Comet,470.98333333323365,16,false,true,false,6,0.0,632.2032497330001,628.3890009429999,843394608546108571
18,15,2,112388,Comet,517.2166666665249,18,true,false,false,3,81.34126102023492,632.2032497330001,628.3890009429999,8154618710551058728
18,21,0,158403,Comet,498.4333333332087,18,true,false,false,1,82.0,632.2032497330001,649.1700245272001,-4761654238903282017
18,21,0,158500,Comet,492.2833333332143,18,true,false,false,1,0.47430920883307376,632.2032497330001,649.1700245272001,-6706645227192165876
18,21,1,159104,Comet,503.98333333320363,18,true,false,false,5,82.0,632.2032497330001,649.1700245272001,-6350211084741409789
18,21,1,159201,Comet,492.6833333332139,18,true,false,false,4,24.44277535086654,632.2032497330001,649.1700245272001,-783548045968909314
18,21,2,159805,Comet,394.16666666663684,14,false,true,false,6,0.0,632.2032497330001,649.1700245272001,4967343182518873571
18,21,2,159902,Comet,491.94999999988124,18,true,false,false,5,77.68781779447359,632.2032497330001,649.1700245272001,5776899195052905666
18,22,0,166322,Vandal,467.91666666656977,18,true,false,false,1,96.0,648.930117228,649.1700245272001,-5891845002361674069
18,22,0,166419,Vandal,483.63333333322214,18,true,false,false,3,95.87213390096395,648.930117228,649.1700245272001,-2482545978993661011
18,22,1,167023,Vandal,474.8833333332301,18,true,false,false,3,96.0,648.930117228,649.1700245272001,-2996159677181888625
18,22,1,167120,Vandal,473.83333333323105,18,true,false,false,3,24.084028618788317,648.930117228,649.1700245272001,3674273953949047204
18,22,2,167724,Vandal,482.6499999998897,18,true,false,false,6,96.0,648.930117228,649.1700245272001,8321647574115909630
18,22,2,167821,Vandal,460.683333333243,18,true,false,false,2,34.463504848418815,648.930117228,649.1700245272001,8352609200256806602
18,28,0,213836,Vandal,480.2166666665586,18,true,false,false,3,34.65874304939192,648.930117228,659.1127535523999,-1728619250636989536
18,28,0,213933,Vandal,475.3333333332297,18,true,false,false,3,96.0,648.930117228,659.1127535523999,-1918919677467369068
18,28,1,214537,Vandal,468.98333333323546,18,true,false,false,2,96.0,648.930117228,659.1127535523999,6282394216709304598
18,28,1,214634,Vandal,482.9333333332228,18,true,false,false,6,96.0,648.930117228,659.1127535523999,-4954006795809806494
18,28,2,215238,Vandal,473.34999999989816,18,true,false,false,6,96.0,648.930117228,659.1127535523999,-9168680588680058111
18,28,2,215335,Vandal,463.51666666657377,18,true,false,false,4,44.1288101229238,648.930117228,659.1127535523999,2206981780734580184
18,29,0,221755,Bulwark,544.1999999998337,18,true,false,false,1,96.71336774672885,671.07714709,656.356270498,5408819451542188940
18,29,0,221852,Bulwark,547.0333333331645,18,true,false,false,1,100.0,671.07714709,656.356270498,3165674154285575102
18,29,1,222456,Bulwark,541.0333333331699,18,true,false,false,1,89.87157382843375,671.07714709,656.356270498,-6296897067004342516
18,29,1,222553,Bulwark,558.199999999821,18,true,false,false,2,100.0,671.07714709,656.356270498,-8790637205642790710
18,29,2,223157,Bulwark,550.3999999998281,18,true,false,false,4,100.0,671.07714709,656.356270498,6195727788173377776
18,29,2,223254,Bulwark,567.3999999998126,18,true,false,false,6,100.0,671.07714709,656.356270498,6818484429910922636
18,35,0,269269,Bulwark,565.8833333331473,18,true,false,false,1,100.0,671.07714709,637.3540759220001,-8137384222655407097
18,35,0,269366,Bulwark,549.0499999998293,18,true,false,false,1,100.0,671.07714709,637.3540759220001,-8352412248262340563
18,35,1,269970,Bulwark,553.8999999998249,18,true,false,false,1,97.55531982571958,671.07714709,637.3540759220001,3103964627918115490
18,35,1,270067,Bulwark,546.7166666664981,18,true,false,false,1,100.0,671.07714709,637.3540759220001,-6624707634958935495
18,35,2,270671,Bulwark,543.0666666665014,18,true,false,false,1,100.0,671.07714709,637.3540759220001,8419740731429254078
18,35,2,270768,Bulwark,557.433333333155,18,true,false,false,2,100.0,671.07714709,637.3540759220001,2474989553165567901
24,1,0,23,Line,524.8833333331846,24,true,false,false,1,100.0,413.5052871490001,370.5215438978,4864615505985146302
24,1,0,120,Line,515.6999999998596,24,true,false,false,1,96.96113190457203,413.5052871490001,370.5215438978,2667193211338522949
24,1,1,724,Line,538.783333333172,24,true,false,false,2,100.0,413.5052871490001,370.5215438978,1638529757970851506
24,1,1,821,Line,539.5333333331713,24,true,false,false,3,100.0,413.5052871490001,370.5215438978,1962461607416906677
24,1,2,1425,Line,504.3999999998699,24,true,false,false,1,71.54488684524304,413.5052871490001,370.5215438978,-8323939279690829597
24,1,2,1522,Line,516.016666666526,24,true,false,false,1,100.0,413.5052871490001,370.5215438978,-4521113364354828844
24,7,0,47537,Line,585.8499999997958,24,true,false,false,1,100.0,490.23776352400006,511.59147402880006,-37292933692525318
24,7,0,47634,Line,610.0833333331071,24,true,false,false,4,96.71679999999998,490.23776352400006,511.59147402880006,-4388742358414561014
24,7,1,48238,Line,602.9666666664469,24,true,false,false,4,100.0,490.23776352400006,511.59147402880006,7786671429931564325
24,7,1,48335,Line,583.9499999997976,24,true,false,false,4,65.25090552636753,490.23776352400006,511.59147402880006,2630502363142681619
24,7,2,48939,Line,608.2499999997755,24,true,false,false,4,99.8176,490.23776352400006,511.59147402880006,-5132503778872532814
24,7,2,49036,Line,580.8999999998003,24,true,false,false,4,75.69029074449479,490.23776352400006,511.59147402880006,-5913892938583116098
24,8,0,55456,Bastion,692.733333333032,24,true,false,false,1,95.19776248846682,576.4275042559999,511.59147402880006,-3427113337571690097
24,8,0,55553,Bastion,698.0666666663604,24,true,false,false,1,100.0,576.4275042559999,511.59147402880006,3737907175400955850
24,8,1,56157,Bastion,679.2166666663776,24,true,false,false,1,94.24360536299226,576.4275042559999,511.59147402880006,6171443237772298440
24,8,1,56254,Bastion,712.433333333014,24,true,false,false,2,99.08431061230226,576.4275042559999,511.59147402880006,-542183427960537193
24,8,2,56858,Bastion,702.3333333330232,24,true,false,false,3,87.60673997484133,576.4275042559999,511.59147402880006,-2553286456071188643
24,8,2,56955,Bastion,681.3666666663756,24,true,false,false,2,62.393691065927094,576.4275042559999,511.59147402880006,-6101510343489121992
24,14,0,102970,Bastion,442.79999999992594,24,true,false,false,4,86.71445160201573,607.91485869,628.3890009429999,772301780418843042
24,14,0,103067,Bastion,464.6333333332394,24,true,false,false,6,96.79750312266042,607.91485869,628.3890009429999,872906283095718474
24,14,1,103671,Bastion,441.4833333332605,24,true,false,false,6,86.17600000000004,607.91485869,628.3890009429999,4736333901110936757
24,14,1,103768,Bastion,452.89999999991676,24,true,false,false,6,100.0,607.91485869,628.3890009429999,-1184013861241992610
24,14,2,104372,Bastion,446.049999999923,24,true,false,false,6,100.0,607.91485869,628.3890009429999,2508587302600369591
24,14,2,104469,Bastion,458.0499999999121,24,true,false,false,6,100.0,607.91485869,628.3890009429999,-7203170395382811601
24,15,0,110889,Comet,693.3166666663648,24,true,false,false,1,82.0,632.2032497330001,628.3890009429999,716456307221907264
24,15,0,110986,Comet,678.1666666663785,24,true,false,false,1,43.057987770330264,632.2032497330001,628.3890009429999,4647906741503373161
24,15,1,111590,Comet,674.1333333330489,24,true,false,false,1,60.563200000000066,632.2032497330001,628.3890009429999,805622478934195054
24,15,1,111687,Comet,682.1833333330416,24,true,false,false,1,80.94208129355157,632.2032497330001,628.3890009429999,2866578967563859357
24,15,2,112291,Comet,470.98333333323365,16,false,true,false,6,0.0,632.2032497330001,628.3890009429999,7351766955839754453
24,15,2,112388,Comet,689.3166666663684,24,true,false,false,3,81.76735315255307,632.2032497330001,628.3890009429999,8142966960154994243
24,21,0,158403,Comet,666.0833333330562,24,true,false,false,1,75.94635890754753,632.2032497330001,649.1700245272001,3803955015782917253
24,21,0,158500,Comet,655.5833333330658,24,true,false,false,1,24.474309208833073,632.2032497330001,649.1700245272001,2091843820586945250
24,21,1,159104,Comet,669.8166666663861,24,true,false,false,5,82.0,632.2032497330001,649.1700245272001,9133563858210046890
24,21,1,159201,Comet,655.4833333330658,24,true,false,false,4,15.572375350866537,632.2032497330001,649.1700245272001,-3011934821253101881
24,21,2,159805,Comet,394.16666666663684,14,false,true,false,6,0.0,632.2032497330001,649.1700245272001,-6971028543897032163
24,21,2,159902,Comet,654.5333333330667,24,true,false,false,5,77.68781779447359,632.2032497330001,649.1700245272001,-325608618304412789
24,22,0,166322,Vandal,622.666666666429,24,true,false,false,1,96.0,648.930117228,649.1700245272001,2906840840491143344
24,22,0,166419,Vandal,643.9166666664097,24,true,false,false,4,95.52093011832939,648.930117228,649.1700245272001,5101193787325120373
24,22,1,167023,Vandal,631.9499999997539,24,true,false,false,3,96.0,648.930117228,649.1700245272001,5800912260594346742
24,22,1,167120,Vandal,630.083333333089,24,true,false,false,3,16.578028618788295,648.930117228,649.1700245272001,2734722891974113980
24,22,2,167724,Vandal,642.2666666664112,24,true,false,false,6,96.0,648.930117228,649.1700245272001,-5569826869608224476
24,22,2,167821,Vandal,613.5166666664373,24,true,false,false,2,34.463504848418815,648.930117228,649.1700245272001,2393838684244122919
24,28,0,213836,Vandal,641.366666666412,24,true,false,false,5,33.40910673759213,648.930117228,659.1127535523999,-5887866607653323592
24,28,0,213933,Vandal,631.799999999754,24,true,false,false,3,96.0,648.930117228,659.1127535523999,5033135816425152589
24,28,1,214537,Vandal,625.683333333093,24,true,false,false,4,94.61657298978969,648.930117228,659.1127535523999,-940186183241727750
24,28,1,214634,Vandal,642.6999999997441,24,true,false,false,6,96.0,648.930117228,659.1127535523999,-5402146360059101901
24,28,2,215238,Vandal,629.7666666664226,24,true,false,false,6,96.0,648.930117228,659.1127535523999,-8503774443357869634
24,28,2,215335,Vandal,618.5666666664328,24,true,false,false,6,39.003776023760395,648.930117228,659.1127535523999,-1293015568628029361
24,29,0,221755,Bulwark,723.0666666663377,24,true,false,false,1,96.71336774672885,671.07714709,656.356270498,-7975144688126274381
24,29,0,221852,Bulwark,727.833333333,24,true,false,false,1,100.0,671.07714709,656.356270498,3304056284853632147
24,29,1,222456,Bulwark,720.6999999996732,24,true,false,false,1,89.87157382843375,671.07714709,656.356270498,-3585645168388507443
24,29,1,222553,Bulwark,743.616666666319,24,true,false,false,2,99.88847916784283,671.07714709,656.356270498,-1915427455266585162
24,29,2,223157,Bulwark,732.3166666663293,24,true,false,false,4,100.0,671.07714709,656.356270498,-7106614123704219895
24,29,2,223254,Bulwark,755.8666666663079,24,true,false,false,6,100.0,671.07714709,656.356270498,-4549961678506316633
24,35,0,269269,Bulwark,753.3499999996435,24,true,false,false,1,100.0,671.07714709,637.3540759220001,7738986859133317539
24,35,0,269366,Bulwark,729.1499999996655,24,true,false,false,1,100.0,671.07714709,637.3540759220001,-5188071848287249745
24,35,1,269970,Bulwark,733.7999999996613,24,true,false,false,1,97.55531982571958,671.07714709,637.3540759220001,-2576025521131965147
24,35,1,270067,Bulwark,728.599999999666,24,true,false,false,1,100.0,671.07714709,637.3540759220001,-5465858749264934475
24,35,2,270671,Bulwark,723.4999999996706,24,true,false,false,1,100.0,671.07714709,637.3540759220001,3169499101430671347
24,35,2,270768,Bulwark,741.5499999996542,24,true,false,false,2,100.0,671.07714709,637.3540759220001,7627257366974717064
