id,class,prompt_action,size,frame,background_key,count,status,kind,reference,batch,approval,requires_approval
p3-ref-needle-v1,Needle,"One single vehicle only: Narrow yellow open-wheel dune buggy with a slender empty roll cage, exposed engine at the LEFT rear and tapering short nose at the RIGHT. Length just over twice width. This is a strict plan-view reference, all roof planes viewed directly from above with the front pointing RIGHT. Symmetric material shading; no visible side walls, front grille or cast shadow. Keep the complete vehicle inside the middle three quarters of the canvas with a generous margin. Show identity invariants only, no damage, driver, text or numbers.",1024x1024,single,#FF00FF,1,ready,car,,p3-references,pending,
p3-ref-line-v1,Line,"One single vehicle only: Compact red coupe with a blank ivory centre stripe, rounded RIGHT nose, broad blue-black windshield and a small flat rear spoiler at LEFT. Length twice width. This is a strict plan-view reference, all roof planes viewed directly from above with the front pointing RIGHT. Symmetric material shading; no visible side walls, front grille or cast shadow. Keep the complete vehicle inside the middle three quarters of the canvas with a generous margin. Show identity invariants only, no damage, driver, text or numbers.",1024x1024,single,#FF00FF,1,ready,car,,p3-references,pending,
p3-ref-bastion-v1,Bastion,"One single vehicle only: Broad olive armored wagon with squared wheel guards, rectangular riveted roof plates, four oversized tyres and a short mechanical roof gun aimed RIGHT. Blunt RIGHT nose. Length twice width. This is a strict plan-view reference, all roof planes viewed directly from above with the front pointing RIGHT. Symmetric material shading; no visible side walls, front grille or cast shadow. Keep the complete vehicle inside the middle three quarters of the canvas with a generous margin. Show identity invariants only, no damage, driver, text or numbers.",1024x1024,single,#FF00FF,1,ready,car,,p3-references,pending,
p3-ref-comet-v1,Comet,"One single vehicle only: Long orange wedge racer with a triangular RIGHT nose, narrow blue-black teardrop canopy and wide completely blank rear wing at LEFT. Length two and a half times width. This is a strict plan-view reference, all roof planes viewed directly from above with the front pointing RIGHT. Symmetric material shading; no visible side walls, front grille or cast shadow. Keep the complete vehicle inside the middle three quarters of the canvas with a generous margin. Show identity invariants only, no damage, driver, text or numbers.",1024x1024,single,#FF00FF,1,ready,car,,p3-references,pending,
p3-ref-trail-v1,Trail,"One single vehicle only: Short blue rally hatchback with stubby RIGHT nose, short boxy roof, wide rounded wheel arches and a small flat spoiler at LEFT. Compact length less than twice width. This is a strict plan-view reference, all roof planes viewed directly from above with the front pointing RIGHT. Symmetric material shading; no visible side walls, front grille or cast shadow. Keep the complete vehicle inside the middle three quarters of the canvas with a generous margin. Show identity invariants only, no damage, driver, text or numbers.",1024x1024,single,#FF00FF,1,ready,car,,p3-references,pending,
p3-ref-flint-v1,Flint,"One single vehicle only: Compact orange ram pickup: broad blunt wedge bumper at RIGHT, short forward cab, exposed rectangular rear cargo bed at LEFT, chunky squared wheel arches and four thick tyres. Squat length less than twice width. This is a strict plan-view reference, all roof planes viewed directly from above with the front pointing RIGHT. Symmetric material shading; no visible side walls, front grille or cast shadow. Keep the complete vehicle inside the middle three quarters of the canvas with a generous margin. Show identity invariants only, no damage, driver, text or numbers.",1024x1024,single,#FF00FF,1,ready,car,,p3-references,pending,
p3-ref-quill-v1,Quill,"One single vehicle only: Light ivory and blue technical spider: slender central single-seat empty cockpit, detached slim wheel pods, sharply pinched waist, twin narrow rear booms at LEFT and round needle-like nose at RIGHT. Length just over twice width. This is a strict plan-view reference, all roof planes viewed directly from above with the front pointing RIGHT. Symmetric material shading; no visible side walls, front grille or cast shadow. Keep the complete vehicle inside the middle three quarters of the canvas with a generous margin. Show identity invariants only, no damage, driver, text or numbers.",1024x1024,single,#FF00FF,1,ready,car,,p3-references,pending,
p3-ref-vandal-v1,Vandal,"One single vehicle only: Red interceptor sedan: long chamfered hood at RIGHT, squared blue-black cabin, two blank ivory diagonal shoulder marks and split short rear fins at LEFT, four enclosed wheels. Length twice width. This is a strict plan-view reference, all roof planes viewed directly from above with the front pointing RIGHT. Symmetric material shading; no visible side walls, front grille or cast shadow. Keep the complete vehicle inside the middle three quarters of the canvas with a generous margin. Show identity invariants only, no damage, driver, text or numbers.",1024x1024,single,#FF00FF,1,ready,car,,p3-references,pending,
p3-ref-kestrel-v1,Kestrel,"One single vehicle only: Long blue and cool-grey sprint chassis: very long slender spear nose at RIGHT, narrow central dark capsule cockpit, two swept rear fins and exposed engine at LEFT, tiny tucked wheel pods. Length nearly three times width. This is a strict plan-view reference, all roof planes viewed directly from above with the front pointing RIGHT. Symmetric material shading; no visible side walls, front grille or cast shadow. Keep the complete vehicle inside the middle three quarters of the canvas with a generous margin. Show identity invariants only, no damage, driver, text or numbers.",1024x1024,single,#FF00FF,1,ready,car,,p3-references,pending,
p3-ref-bulwark-v1,Bulwark,"One single vehicle only: Broad olive and ivory heavy endurance carrier: six wheels, squared full-width RIGHT ram bumper, broad armored central roof with three parallel ribs and a short squared engine deck at LEFT. Length twice width. This is a strict plan-view reference, all roof planes viewed directly from above with the front pointing RIGHT. Symmetric material shading; no visible side walls, front grille or cast shadow. Keep the complete vehicle inside the middle three quarters of the canvas with a generous margin. Show identity invariants only, no damage, driver, text or numbers.",1024x1024,single,#FF00FF,1,ready,car,,p3-references,pending,
