id,class,prompt_action,size,frame,background_key,count,status,kind,reference,batch,approval,requires_approval,cell_limit,style_file,wave,proof_role
v1-rust-ink-heavy-v1,Bastion,"One single original heavy combat wagon: a broad spiked fortress with four oversized exposed tyres, a blunt welded ram at the RIGHT nose, a short roof cannon pointing RIGHT, bolted roof plates and tyre-stack rear bumper at LEFT. Length twice width. Visible dents, chipped mismatched panels and rust, intact reference configuration. Strict overhead roof-plane view, horizontal axis, complete vehicle within the middle three quarters of the canvas, generous empty margin. No occupant or exposed driver.",1024x1024,single,#FF00FF,1,ready,car,,v1-rust-ink,pending,,128,style-rust-ink.json,V1,heavy
v1-rust-ink-light-v1,Needle,"One single original light combat buggy: a very narrow stripped rat-rod with four exposed skinny wheels, empty skeletal cage, exposed engine at LEFT rear and a tapered forked ram at RIGHT nose. Length just over twice width. Patched panels, dents and soot, intact reference configuration. Strict overhead roof-plane view, horizontal axis, complete vehicle within the middle three quarters of the canvas, generous empty margin. No occupant or exposed driver.",1024x1024,single,#FF00FF,1,ready,car,,v1-rust-ink,pending,,128,style-rust-ink.json,V1,light
v1-rust-ink-portrait-v1,rook,"One isolated original fictional adult rival portrait, chest-up facing the viewer: gaunt weathered scavenger with angular cheekbones, a healed cheek scar, broken-lens goggles on the forehead, uneven cropped hair, dust scarf and one welded shoulder plate. Bitter calculating expression. The entire head and shoulder silhouette fits inside the middle three quarters with generous margin. Flat neutral even light; this is a portrait, not a person inside a vehicle.",1024x1024,single,#FF00FF,1,ready,portrait,,v1-rust-ink,pending,,256,style-rust-ink.json,V1,portrait
v1-rust-ink-ground-v1,asphalt-worn,"Entire image is ONLY an empty worn asphalt material patch viewed directly overhead. Anonymous fine cracks, tiny abrasion strokes and grit; low contrast middle-dark values, uniform density and even light. One unrepeated stochastic field fills every edge and continues seamlessly across all boundaries. No repeated quadrants, mirrored halves, large cracks, identifiable motifs, objects, road markings, cars, border or grid.",1024x1024,single,none,1,ready,tile,,v1-rust-ink,pending,,256,style-rust-ink.json,V1,ground
v1-rust-ink-barrier-v1,concrete,"One isolated original road barricade viewed strictly from above: a horizontal battered concrete block with bolted scrap end caps and a few blank hazard-yellow diagonal paint bands worn away. Chips, rust fasteners and patched top surface, no readable symbols. Top plane only, entire silhouette in the middle three quarters with generous margin; no ground or cast shadow.",1024x1024,single,#FF00FF,1,ready,prop,,v1-rust-ink,pending,,128,style-rust-ink.json,V1,barrier
v1-rust-ink-icon-v1,repair,"One isolated repair HUD icon: a single battered open-ended wrench with a wide recognisable jaw and taped grip, chipped bone metal and one small hazard-yellow patch. Diagonal simple silhouette legible at 32 pixels, sparse large marks, no badge, circular backing, lettering or additional objects. Entire wrench in the middle three quarters with generous margin.",1024x1024,single,#FF00FF,1,ready,icon,,v1-rust-ink,pending,,128,style-rust-ink.json,V1,icon
v1-rust-ink-effect-v1,spark-burst,"One isolated compact impact spark burst, a single still effect sprite: a central pale bone star with seven uneven short hot ochre and rust-orange tapered sparks radiating outwards. Strong central mass, crisp opaque painted sparks, no smoke, glow gradient, sheet, grid, object, lettering or background scene. Everything in the middle three quarters with generous margin.",1024x1024,single,#FF00FF,1,ready,effect,,v1-rust-ink,pending,,128,style-rust-ink.json,V1,effect
v1-bleached-poster-heavy-v1,Bastion,"One single original heavy combat wagon: a broad spiked fortress with four oversized exposed tyres, a blunt welded ram at the RIGHT nose, a short roof cannon pointing RIGHT, bolted roof plates and tyre-stack rear bumper at LEFT. Length twice width. Visible dents, chipped mismatched panels and rust, intact reference configuration. Strict overhead roof-plane view, horizontal axis, complete vehicle within the middle three quarters of the canvas, generous empty margin. No occupant or exposed driver.",1024x1024,single,#FF00FF,1,ready,car,,v1-bleached-poster,pending,,128,style-bleached-poster.json,V1,heavy
v1-bleached-poster-light-v1,Needle,"One single original light combat buggy: a very narrow stripped rat-rod with four exposed skinny wheels, empty skeletal cage, exposed engine at LEFT rear and a tapered forked ram at RIGHT nose. Length just over twice width. Patched panels, dents and soot, intact reference configuration. Strict overhead roof-plane view, horizontal axis, complete vehicle within the middle three quarters of the canvas, generous empty margin. No occupant or exposed driver.",1024x1024,single,#FF00FF,1,ready,car,,v1-bleached-poster,pending,,128,style-bleached-poster.json,V1,light
v1-bleached-poster-portrait-v1,rook,"One isolated original fictional adult rival portrait, chest-up facing the viewer: gaunt weathered scavenger with angular cheekbones, a healed cheek scar, broken-lens goggles on the forehead, uneven cropped hair, dust scarf and one welded shoulder plate. Bitter calculating expression. The entire head and shoulder silhouette fits inside the middle three quarters with generous margin. Flat neutral even light; this is a portrait, not a person inside a vehicle.",1024x1024,single,#FF00FF,1,ready,portrait,,v1-bleached-poster,pending,,256,style-bleached-poster.json,V1,portrait
v1-bleached-poster-ground-v1,asphalt-worn,"Entire image is ONLY an empty worn asphalt material patch viewed directly overhead. Anonymous fine cracks, tiny abrasion strokes and grit; low contrast middle-dark values, uniform density and even light. One unrepeated stochastic field fills every edge and continues seamlessly across all boundaries. No repeated quadrants, mirrored halves, large cracks, identifiable motifs, objects, road markings, cars, border or grid.",1024x1024,single,none,1,ready,tile,,v1-bleached-poster,pending,,256,style-bleached-poster.json,V1,ground
v1-bleached-poster-barrier-v1,concrete,"One isolated original road barricade viewed strictly from above: a horizontal battered concrete block with bolted scrap end caps and a few blank hazard-yellow diagonal paint bands worn away. Chips, rust fasteners and patched top surface, no readable symbols. Top plane only, entire silhouette in the middle three quarters with generous margin; no ground or cast shadow.",1024x1024,single,#FF00FF,1,ready,prop,,v1-bleached-poster,pending,,128,style-bleached-poster.json,V1,barrier
v1-bleached-poster-icon-v1,repair,"One isolated repair HUD icon: a single battered open-ended wrench with a wide recognisable jaw and taped grip, chipped bone metal and one small hazard-yellow patch. Diagonal simple silhouette legible at 32 pixels, sparse large marks, no badge, circular backing, lettering or additional objects. Entire wrench in the middle three quarters with generous margin.",1024x1024,single,#FF00FF,1,ready,icon,,v1-bleached-poster,pending,,128,style-bleached-poster.json,V1,icon
v1-bleached-poster-effect-v1,spark-burst,"One isolated compact impact spark burst, a single still effect sprite: a central pale bone star with seven uneven short hot ochre and rust-orange tapered sparks radiating outwards. Strong central mass, crisp opaque painted sparks, no smoke, glow gradient, sheet, grid, object, lettering or background scene. Everything in the middle three quarters with generous margin.",1024x1024,single,#FF00FF,1,ready,effect,,v1-bleached-poster,pending,,128,style-bleached-poster.json,V1,effect
v1-hot-ink-heavy-v1,Bastion,"One single original heavy combat wagon: a broad spiked fortress with four oversized exposed tyres, a blunt welded ram at the RIGHT nose, a short roof cannon pointing RIGHT, bolted roof plates and tyre-stack rear bumper at LEFT. Length twice width. Visible dents, chipped mismatched panels and rust, intact reference configuration. Strict overhead roof-plane view, horizontal axis, complete vehicle within the middle three quarters of the canvas, generous empty margin. No occupant or exposed driver.",1024x1024,single,#FF00FF,1,ready,car,,v1-hot-ink,pending,,128,style-hot-ink.json,V1,heavy
v1-hot-ink-light-v1,Needle,"One single original light combat buggy: a very narrow stripped rat-rod with four exposed skinny wheels, empty skeletal cage, exposed engine at LEFT rear and a tapered forked ram at RIGHT nose. Length just over twice width. Patched panels, dents and soot, intact reference configuration. Strict overhead roof-plane view, horizontal axis, complete vehicle within the middle three quarters of the canvas, generous empty margin. No occupant or exposed driver.",1024x1024,single,#FF00FF,1,ready,car,,v1-hot-ink,pending,,128,style-hot-ink.json,V1,light
v1-hot-ink-portrait-v1,rook,"One isolated original fictional adult rival portrait, chest-up facing the viewer: gaunt weathered scavenger with angular cheekbones, a healed cheek scar, broken-lens goggles on the forehead, uneven cropped hair, dust scarf and one welded shoulder plate. Bitter calculating expression. The entire head and shoulder silhouette fits inside the middle three quarters with generous margin. Flat neutral even light; this is a portrait, not a person inside a vehicle.",1024x1024,single,#FF00FF,1,ready,portrait,,v1-hot-ink,pending,,256,style-hot-ink.json,V1,portrait
v1-hot-ink-ground-v1,asphalt-worn,"Entire image is ONLY an empty worn asphalt material patch viewed directly overhead. Anonymous fine cracks, tiny abrasion strokes and grit; low contrast middle-dark values, uniform density and even light. One unrepeated stochastic field fills every edge and continues seamlessly across all boundaries. No repeated quadrants, mirrored halves, large cracks, identifiable motifs, objects, road markings, cars, border or grid.",1024x1024,single,none,1,ready,tile,,v1-hot-ink,pending,,256,style-hot-ink.json,V1,ground
v1-hot-ink-barrier-v1,concrete,"One isolated original road barricade viewed strictly from above: a horizontal battered concrete block with bolted scrap end caps and a few blank hazard-yellow diagonal paint bands worn away. Chips, rust fasteners and patched top surface, no readable symbols. Top plane only, entire silhouette in the middle three quarters with generous margin; no ground or cast shadow.",1024x1024,single,#FF00FF,1,ready,prop,,v1-hot-ink,pending,,128,style-hot-ink.json,V1,barrier
v1-hot-ink-icon-v1,repair,"One isolated repair HUD icon: a single battered open-ended wrench with a wide recognisable jaw and taped grip, chipped bone metal and one small hazard-yellow patch. Diagonal simple silhouette legible at 32 pixels, sparse large marks, no badge, circular backing, lettering or additional objects. Entire wrench in the middle three quarters with generous margin.",1024x1024,single,#FF00FF,1,ready,icon,,v1-hot-ink,pending,,128,style-hot-ink.json,V1,icon
v1-hot-ink-effect-v1,spark-burst,"One isolated compact impact spark burst, a single still effect sprite: a central pale bone star with seven uneven short hot ochre and rust-orange tapered sparks radiating outwards. Strong central mass, crisp opaque painted sparks, no smoke, glow gradient, sheet, grid, object, lettering or background scene. Everything in the middle three quarters with generous margin.",1024x1024,single,#FF00FF,1,ready,effect,,v1-hot-ink,pending,,128,style-hot-ink.json,V1,effect
v1-scrap-collage-heavy-v1,Bastion,"One single original heavy combat wagon: a broad spiked fortress with four oversized exposed tyres, a blunt welded ram at the RIGHT nose, a short roof cannon pointing RIGHT, bolted roof plates and tyre-stack rear bumper at LEFT. Length twice width. Visible dents, chipped mismatched panels and rust, intact reference configuration. Strict overhead roof-plane view, horizontal axis, complete vehicle within the middle three quarters of the canvas, generous empty margin. No occupant or exposed driver.",1024x1024,single,#FF00FF,1,ready,car,,v1-scrap-collage,pending,,128,style-scrap-collage.json,V1,heavy
v1-scrap-collage-light-v1,Needle,"One single original light combat buggy: a very narrow stripped rat-rod with four exposed skinny wheels, empty skeletal cage, exposed engine at LEFT rear and a tapered forked ram at RIGHT nose. Length just over twice width. Patched panels, dents and soot, intact reference configuration. Strict overhead roof-plane view, horizontal axis, complete vehicle within the middle three quarters of the canvas, generous empty margin. No occupant or exposed driver.",1024x1024,single,#FF00FF,1,ready,car,,v1-scrap-collage,pending,,128,style-scrap-collage.json,V1,light
v1-scrap-collage-portrait-v1,rook,"One isolated original fictional adult rival portrait, chest-up facing the viewer: gaunt weathered scavenger with angular cheekbones, a healed cheek scar, broken-lens goggles on the forehead, uneven cropped hair, dust scarf and one welded shoulder plate. Bitter calculating expression. The entire head and shoulder silhouette fits inside the middle three quarters with generous margin. Flat neutral even light; this is a portrait, not a person inside a vehicle.",1024x1024,single,#FF00FF,1,ready,portrait,,v1-scrap-collage,pending,,256,style-scrap-collage.json,V1,portrait
v1-scrap-collage-ground-v1,asphalt-worn,"Entire image is ONLY an empty worn asphalt material patch viewed directly overhead. Anonymous fine cracks, tiny abrasion strokes and grit; low contrast middle-dark values, uniform density and even light. One unrepeated stochastic field fills every edge and continues seamlessly across all boundaries. No repeated quadrants, mirrored halves, large cracks, identifiable motifs, objects, road markings, cars, border or grid.",1024x1024,single,none,1,ready,tile,,v1-scrap-collage,pending,,256,style-scrap-collage.json,V1,ground
v1-scrap-collage-barrier-v1,concrete,"One isolated original road barricade viewed strictly from above: a horizontal battered concrete block with bolted scrap end caps and a few blank hazard-yellow diagonal paint bands worn away. Chips, rust fasteners and patched top surface, no readable symbols. Top plane only, entire silhouette in the middle three quarters with generous margin; no ground or cast shadow.",1024x1024,single,#FF00FF,1,ready,prop,,v1-scrap-collage,pending,,128,style-scrap-collage.json,V1,barrier
v1-scrap-collage-icon-v1,repair,"One isolated repair HUD icon: a single battered open-ended wrench with a wide recognisable jaw and taped grip, chipped bone metal and one small hazard-yellow patch. Diagonal simple silhouette legible at 32 pixels, sparse large marks, no badge, circular backing, lettering or additional objects. Entire wrench in the middle three quarters with generous margin.",1024x1024,single,#FF00FF,1,ready,icon,,v1-scrap-collage,pending,,128,style-scrap-collage.json,V1,icon
v1-scrap-collage-effect-v1,spark-burst,"One isolated compact impact spark burst, a single still effect sprite: a central pale bone star with seven uneven short hot ochre and rust-orange tapered sparks radiating outwards. Strong central mass, crisp opaque painted sparks, no smoke, glow gradient, sheet, grid, object, lettering or background scene. Everything in the middle three quarters with generous margin.",1024x1024,single,#FF00FF,1,ready,effect,,v1-scrap-collage,pending,,128,style-scrap-collage.json,V1,effect
v1-soot-pulp-heavy-v1,Bastion,"One single original heavy combat wagon: a broad spiked fortress with four oversized exposed tyres, a blunt welded ram at the RIGHT nose, a short roof cannon pointing RIGHT, bolted roof plates and tyre-stack rear bumper at LEFT. Length twice width. Visible dents, chipped mismatched panels and rust, intact reference configuration. Strict overhead roof-plane view, horizontal axis, complete vehicle within the middle three quarters of the canvas, generous empty margin. No occupant or exposed driver.",1024x1024,single,#FF00FF,1,ready,car,,v1-soot-pulp,pending,,128,style-soot-pulp.json,V1,heavy
v1-soot-pulp-light-v1,Needle,"One single original light combat buggy: a very narrow stripped rat-rod with four exposed skinny wheels, empty skeletal cage, exposed engine at LEFT rear and a tapered forked ram at RIGHT nose. Length just over twice width. Patched panels, dents and soot, intact reference configuration. Strict overhead roof-plane view, horizontal axis, complete vehicle within the middle three quarters of the canvas, generous empty margin. No occupant or exposed driver.",1024x1024,single,#FF00FF,1,ready,car,,v1-soot-pulp,pending,,128,style-soot-pulp.json,V1,light
v1-soot-pulp-portrait-v1,rook,"One isolated original fictional adult rival portrait, chest-up facing the viewer: gaunt weathered scavenger with angular cheekbones, a healed cheek scar, broken-lens goggles on the forehead, uneven cropped hair, dust scarf and one welded shoulder plate. Bitter calculating expression. The entire head and shoulder silhouette fits inside the middle three quarters with generous margin. Flat neutral even light; this is a portrait, not a person inside a vehicle.",1024x1024,single,#FF00FF,1,ready,portrait,,v1-soot-pulp,pending,,256,style-soot-pulp.json,V1,portrait
v1-soot-pulp-ground-v1,asphalt-worn,"Entire image is ONLY an empty worn asphalt material patch viewed directly overhead. Anonymous fine cracks, tiny abrasion strokes and grit; low contrast middle-dark values, uniform density and even light. One unrepeated stochastic field fills every edge and continues seamlessly across all boundaries. No repeated quadrants, mirrored halves, large cracks, identifiable motifs, objects, road markings, cars, border or grid.",1024x1024,single,none,1,ready,tile,,v1-soot-pulp,pending,,256,style-soot-pulp.json,V1,ground
v1-soot-pulp-barrier-v1,concrete,"One isolated original road barricade viewed strictly from above: a horizontal battered concrete block with bolted scrap end caps and a few blank hazard-yellow diagonal paint bands worn away. Chips, rust fasteners and patched top surface, no readable symbols. Top plane only, entire silhouette in the middle three quarters with generous margin; no ground or cast shadow.",1024x1024,single,#FF00FF,1,ready,prop,,v1-soot-pulp,pending,,128,style-soot-pulp.json,V1,barrier
v1-soot-pulp-icon-v1,repair,"One isolated repair HUD icon: a single battered open-ended wrench with a wide recognisable jaw and taped grip, chipped bone metal and one small hazard-yellow patch. Diagonal simple silhouette legible at 32 pixels, sparse large marks, no badge, circular backing, lettering or additional objects. Entire wrench in the middle three quarters with generous margin.",1024x1024,single,#FF00FF,1,ready,icon,,v1-soot-pulp,pending,,128,style-soot-pulp.json,V1,icon
v1-soot-pulp-effect-v1,spark-burst,"One isolated compact impact spark burst, a single still effect sprite: a central pale bone star with seven uneven short hot ochre and rust-orange tapered sparks radiating outwards. Strong central mass, crisp opaque painted sparks, no smoke, glow gradient, sheet, grid, object, lettering or background scene. Everything in the middle three quarters with generous margin.",1024x1024,single,#FF00FF,1,ready,effect,,v1-soot-pulp,pending,,128,style-soot-pulp.json,V1,effect
