id,class,prompt_action,size,frame,background_key,count,status,kind,reference,batch,approval,requires_approval,cell_limit,style_file,wave,asset_family,surface_stack
v2-part4-needle-state-intact-v1,Needle,"Use the supplied exact owner-approved reference. Freeze body geometry, wheel count and centres, camera, RIGHT heading, framing, cockpit, engine, weapons, fins, all attachment points and material roles. Only the requested state or painted-panel colour may change. Keep the intact reference exactly as it is, INCLUDING all existing stylistic rust, scuffs, scratches and chipped paint. No new damage. Do not clean or restore the body. Keep complete car and the reference clear border.",1024x1024,single,#FF00FF,1,blocked-owner-reference,car,art/review/fusion/sources/v2-part3-rework-needle-v1.jpg,v2-part4-needle-states,pending,v2-part3-rework-needle-v1,256,style-fusion.json,V2,cars,
v2-part4-needle-state-damaged-1-v1,Needle,"Use the supplied exact owner-approved reference. Freeze body geometry, wheel count and centres, camera, RIGHT heading, framing, cockpit, engine, weapons, fins, all attachment points and material roles. Only the requested state or painted-panel colour may change. Add a few small dents and restrained paint chips to body panels only. Preserve all existing stylistic wear. Keep every identity attachment, engine fitting and weapon. Keep complete car and the reference clear border.",1024x1024,single,#FF00FF,1,blocked-owner-reference,car,art/review/fusion/sources/v2-part3-rework-needle-v1.jpg,v2-part4-needle-states,pending,v2-part3-rework-needle-v1,256,style-fusion.json,V2,cars,
v2-part4-needle-state-damaged-2-v1,Needle,"Use the supplied exact owner-approved reference. Freeze body geometry, wheel count and centres, camera, RIGHT heading, framing, cockpit, engine, weapons, fins, all attachment points and material roles. Only the requested state or painted-panel colour may change. Add deeper buckled panels, cracked cockpit glass and exposed metal scars, clearly more severe than light damage. Retain overall chassis footprint and all wheels, engine, fins and weapons. Keep complete car and the reference clear border.",1024x1024,single,#FF00FF,1,blocked-owner-reference,car,art/review/fusion/sources/v2-part3-rework-needle-v1.jpg,v2-part4-needle-states,pending,v2-part3-rework-needle-v1,256,style-fusion.json,V2,cars,
v2-part4-needle-state-wreck-v1,Needle,"Use the supplied exact owner-approved reference. Freeze body geometry, wheel count and centres, camera, RIGHT heading, framing, cockpit, engine, weapons, fins, all attachment points and material roles. Only the requested state or painted-panel colour may change. Burnt inert wreck with blackened panels, collapsed roof detail and opaque broken glass. Keep recognizable footprint, all wheels and identity attachments. No detached pieces, smoke or flames. Keep complete car and the reference clear border.",1024x1024,single,#FF00FF,1,blocked-owner-reference,car,art/review/fusion/sources/v2-part3-rework-needle-v1.jpg,v2-part4-needle-states,pending,v2-part3-rework-needle-v1,256,style-fusion.json,V2,cars,
v2-part4-needle-livery-bone-v1,Needle,"Use the supplied exact owner-approved reference. Freeze body geometry, wheel count and centres, camera, RIGHT heading, framing, cockpit, engine, weapons, fins, all attachment points and material roles. Only the requested state or painted-panel colour may change. Change only painted body panels to muted bone #DDD0A6. Preserve bare silver steel, ivory weapon parts, rubber, glass, electrical colours and existing contrasting marks. Preserve all wear. No new damage, emblems, text or numbers.",1024x1024,single,#FF00FF,1,blocked-owner-reference,car,art/review/fusion/sources/v2-part3-rework-needle-v1.jpg,v2-part4-needle-liveries,pending,v2-part3-rework-needle-v1,256,style-fusion.json,V2,cars,
v2-part4-needle-livery-red-v1,Needle,"Use the supplied exact owner-approved reference. Freeze body geometry, wheel count and centres, camera, RIGHT heading, framing, cockpit, engine, weapons, fins, all attachment points and material roles. Only the requested state or painted-panel colour may change. Change only painted body panels to dried red #6C2427. Preserve bare silver steel, ivory weapon parts, rubber, glass, electrical colours and existing contrasting marks. Preserve all wear. No new damage, emblems, text or numbers.",1024x1024,single,#FF00FF,1,blocked-owner-reference,car,art/review/fusion/sources/v2-part3-rework-needle-v1.jpg,v2-part4-needle-liveries,pending,v2-part3-rework-needle-v1,256,style-fusion.json,V2,cars,
v2-part4-needle-livery-ochre-v1,Needle,"Use the supplied exact owner-approved reference. Freeze body geometry, wheel count and centres, camera, RIGHT heading, framing, cockpit, engine, weapons, fins, all attachment points and material roles. Only the requested state or painted-panel colour may change. Change only painted body panels to sun-baked ochre #A37738. Preserve bare silver steel, ivory weapon parts, rubber, glass, electrical colours and existing contrasting marks. Preserve all wear. No new damage, emblems, text or numbers.",1024x1024,single,#FF00FF,1,blocked-owner-reference,car,art/review/fusion/sources/v2-part3-rework-needle-v1.jpg,v2-part4-needle-liveries,pending,v2-part3-rework-needle-v1,256,style-fusion.json,V2,cars,
v2-part4-comet-state-intact-v1,Comet,"Use the supplied exact owner-approved reference. Freeze body geometry, wheel count and centres, camera, RIGHT heading, framing, cockpit, engine, weapons, fins, all attachment points and material roles. Only the requested state or painted-panel colour may change. Keep the intact reference exactly as it is, INCLUDING all existing stylistic rust, scuffs, scratches and chipped paint. No new damage. Do not clean or restore the body. Keep complete car and the reference clear border.",1024x1024,single,#FF00FF,1,blocked-owner-reference,car,art/review/fusion/sources/v2-part3-rework-comet-v7.jpg,v2-part4-comet-states,pending,v2-part3-rework-comet-v7,256,style-fusion.json,V2,cars,
v2-part4-comet-state-damaged-1-v1,Comet,"Use the supplied exact owner-approved reference. Freeze body geometry, wheel count and centres, camera, RIGHT heading, framing, cockpit, engine, weapons, fins, all attachment points and material roles. Only the requested state or painted-panel colour may change. Add a few small dents and restrained paint chips to body panels only. Preserve all existing stylistic wear. Keep every identity attachment, engine fitting and weapon. Keep complete car and the reference clear border.",1024x1024,single,#FF00FF,1,blocked-owner-reference,car,art/review/fusion/sources/v2-part3-rework-comet-v7.jpg,v2-part4-comet-states,pending,v2-part3-rework-comet-v7,256,style-fusion.json,V2,cars,
v2-part4-comet-state-damaged-2-v1,Comet,"Use the supplied exact owner-approved reference. Freeze body geometry, wheel count and centres, camera, RIGHT heading, framing, cockpit, engine, weapons, fins, all attachment points and material roles. Only the requested state or painted-panel colour may change. Add deeper buckled panels, cracked cockpit glass and exposed metal scars, clearly more severe than light damage. Retain overall chassis footprint and all wheels, engine, fins and weapons. Keep complete car and the reference clear border.",1024x1024,single,#FF00FF,1,blocked-owner-reference,car,art/review/fusion/sources/v2-part3-rework-comet-v7.jpg,v2-part4-comet-states,pending,v2-part3-rework-comet-v7,256,style-fusion.json,V2,cars,
v2-part4-comet-state-wreck-v1,Comet,"Use the supplied exact owner-approved reference. Freeze body geometry, wheel count and centres, camera, RIGHT heading, framing, cockpit, engine, weapons, fins, all attachment points and material roles. Only the requested state or painted-panel colour may change. Burnt inert wreck with blackened panels, collapsed roof detail and opaque broken glass. Keep recognizable footprint, all wheels and identity attachments. No detached pieces, smoke or flames. Keep complete car and the reference clear border.",1024x1024,single,#FF00FF,1,blocked-owner-reference,car,art/review/fusion/sources/v2-part3-rework-comet-v7.jpg,v2-part4-comet-states,pending,v2-part3-rework-comet-v7,256,style-fusion.json,V2,cars,
v2-part4-comet-livery-bone-v1,Comet,"Use the supplied exact owner-approved reference. Freeze body geometry, wheel count and centres, camera, RIGHT heading, framing, cockpit, engine, weapons, fins, all attachment points and material roles. Only the requested state or painted-panel colour may change. Change only painted body panels to muted bone #DDD0A6. Preserve bare silver steel, ivory weapon parts, rubber, glass, electrical colours and existing contrasting marks. Preserve all wear. No new damage, emblems, text or numbers.",1024x1024,single,#FF00FF,1,blocked-owner-reference,car,art/review/fusion/sources/v2-part3-rework-comet-v7.jpg,v2-part4-comet-liveries,pending,v2-part3-rework-comet-v7,256,style-fusion.json,V2,cars,
v2-part4-comet-livery-red-v1,Comet,"Use the supplied exact owner-approved reference. Freeze body geometry, wheel count and centres, camera, RIGHT heading, framing, cockpit, engine, weapons, fins, all attachment points and material roles. Only the requested state or painted-panel colour may change. Change only painted body panels to dried red #6C2427. Preserve bare silver steel, ivory weapon parts, rubber, glass, electrical colours and existing contrasting marks. Preserve all wear. No new damage, emblems, text or numbers.",1024x1024,single,#FF00FF,1,blocked-owner-reference,car,art/review/fusion/sources/v2-part3-rework-comet-v7.jpg,v2-part4-comet-liveries,pending,v2-part3-rework-comet-v7,256,style-fusion.json,V2,cars,
v2-part4-comet-livery-ochre-v1,Comet,"Use the supplied exact owner-approved reference. Freeze body geometry, wheel count and centres, camera, RIGHT heading, framing, cockpit, engine, weapons, fins, all attachment points and material roles. Only the requested state or painted-panel colour may change. Change only painted body panels to sun-baked ochre #A37738. Preserve bare silver steel, ivory weapon parts, rubber, glass, electrical colours and existing contrasting marks. Preserve all wear. No new damage, emblems, text or numbers.",1024x1024,single,#FF00FF,1,blocked-owner-reference,car,art/review/fusion/sources/v2-part3-rework-comet-v7.jpg,v2-part4-comet-liveries,pending,v2-part3-rework-comet-v7,256,style-fusion.json,V2,cars,
v2-part4-quill-state-intact-v1,Quill,"Use the supplied exact owner-approved reference. Freeze body geometry, wheel count and centres, camera, RIGHT heading, framing, cockpit, engine, weapons, fins, all attachment points and material roles. Only the requested state or painted-panel colour may change. Keep the intact reference exactly as it is, INCLUDING all existing stylistic rust, scuffs, scratches and chipped paint. No new damage. Do not clean or restore the body. Keep complete car and the reference clear border.",1024x1024,single,#FF00FF,1,blocked-owner-reference,car,art/review/fusion/sources/v2-part3-rework-quill-v2.jpg,v2-part4-quill-states,pending,v2-part3-rework-quill-v2,256,style-fusion.json,V2,cars,
v2-part4-quill-state-damaged-1-v1,Quill,"Use the supplied exact owner-approved reference. Freeze body geometry, wheel count and centres, camera, RIGHT heading, framing, cockpit, engine, weapons, fins, all attachment points and material roles. Only the requested state or painted-panel colour may change. Add a few small dents and restrained paint chips to body panels only. Preserve all existing stylistic wear. Keep every identity attachment, engine fitting and weapon. Keep complete car and the reference clear border.",1024x1024,single,#FF00FF,1,blocked-owner-reference,car,art/review/fusion/sources/v2-part3-rework-quill-v2.jpg,v2-part4-quill-states,pending,v2-part3-rework-quill-v2,256,style-fusion.json,V2,cars,
v2-part4-quill-state-damaged-2-v1,Quill,"Use the supplied exact owner-approved reference. Freeze body geometry, wheel count and centres, camera, RIGHT heading, framing, cockpit, engine, weapons, fins, all attachment points and material roles. Only the requested state or painted-panel colour may change. Add deeper buckled panels, cracked cockpit glass and exposed metal scars, clearly more severe than light damage. Retain overall chassis footprint and all wheels, engine, fins and weapons. Keep complete car and the reference clear border.",1024x1024,single,#FF00FF,1,blocked-owner-reference,car,art/review/fusion/sources/v2-part3-rework-quill-v2.jpg,v2-part4-quill-states,pending,v2-part3-rework-quill-v2,256,style-fusion.json,V2,cars,
v2-part4-quill-state-wreck-v1,Quill,"Use the supplied exact owner-approved reference. Freeze body geometry, wheel count and centres, camera, RIGHT heading, framing, cockpit, engine, weapons, fins, all attachment points and material roles. Only the requested state or painted-panel colour may change. Burnt inert wreck with blackened panels, collapsed roof detail and opaque broken glass. Keep recognizable footprint, all wheels and identity attachments. No detached pieces, smoke or flames. Keep complete car and the reference clear border.",1024x1024,single,#FF00FF,1,blocked-owner-reference,car,art/review/fusion/sources/v2-part3-rework-quill-v2.jpg,v2-part4-quill-states,pending,v2-part3-rework-quill-v2,256,style-fusion.json,V2,cars,
v2-part4-quill-livery-bone-v1,Quill,"Use the supplied exact owner-approved reference. Freeze body geometry, wheel count and centres, camera, RIGHT heading, framing, cockpit, engine, weapons, fins, all attachment points and material roles. Only the requested state or painted-panel colour may change. Change only painted body panels to muted bone #DDD0A6. Preserve bare silver steel, ivory weapon parts, rubber, glass, electrical colours and existing contrasting marks. Preserve all wear. No new damage, emblems, text or numbers.",1024x1024,single,#FF00FF,1,blocked-owner-reference,car,art/review/fusion/sources/v2-part3-rework-quill-v2.jpg,v2-part4-quill-liveries,pending,v2-part3-rework-quill-v2,256,style-fusion.json,V2,cars,
v2-part4-quill-livery-red-v1,Quill,"Use the supplied exact owner-approved reference. Freeze body geometry, wheel count and centres, camera, RIGHT heading, framing, cockpit, engine, weapons, fins, all attachment points and material roles. Only the requested state or painted-panel colour may change. Change only painted body panels to dried red #6C2427. Preserve bare silver steel, ivory weapon parts, rubber, glass, electrical colours and existing contrasting marks. Preserve all wear. No new damage, emblems, text or numbers.",1024x1024,single,#FF00FF,1,blocked-owner-reference,car,art/review/fusion/sources/v2-part3-rework-quill-v2.jpg,v2-part4-quill-liveries,pending,v2-part3-rework-quill-v2,256,style-fusion.json,V2,cars,
v2-part4-quill-livery-ochre-v1,Quill,"Use the supplied exact owner-approved reference. Freeze body geometry, wheel count and centres, camera, RIGHT heading, framing, cockpit, engine, weapons, fins, all attachment points and material roles. Only the requested state or painted-panel colour may change. Change only painted body panels to sun-baked ochre #A37738. Preserve bare silver steel, ivory weapon parts, rubber, glass, electrical colours and existing contrasting marks. Preserve all wear. No new damage, emblems, text or numbers.",1024x1024,single,#FF00FF,1,blocked-owner-reference,car,art/review/fusion/sources/v2-part3-rework-quill-v2.jpg,v2-part4-quill-liveries,pending,v2-part3-rework-quill-v2,256,style-fusion.json,V2,cars,
v2-part4-kestrel-state-intact-v1,Kestrel,"Use the supplied exact owner-approved reference. Freeze body geometry, wheel count and centres, camera, RIGHT heading, framing, cockpit, engine, weapons, fins, all attachment points and material roles. Only the requested state or painted-panel colour may change. Keep the intact reference exactly as it is, INCLUDING all existing stylistic rust, scuffs, scratches and chipped paint. No new damage. Do not clean or restore the body. Keep complete car and the reference clear border.",1024x1024,single,#FF00FF,1,blocked-owner-reference,car,art/review/fusion/sources/v2-part3-rework-kestrel-v9.jpg,v2-part4-kestrel-states,pending,v2-part3-rework-kestrel-v9,256,style-fusion.json,V2,cars,
v2-part4-kestrel-state-damaged-1-v1,Kestrel,"Use the supplied exact owner-approved reference. Freeze body geometry, wheel count and centres, camera, RIGHT heading, framing, cockpit, engine, weapons, fins, all attachment points and material roles. Only the requested state or painted-panel colour may change. Add a few small dents and restrained paint chips to body panels only. Preserve all existing stylistic wear. Keep every identity attachment, engine fitting and weapon. Keep complete car and the reference clear border.",1024x1024,single,#FF00FF,1,blocked-owner-reference,car,art/review/fusion/sources/v2-part3-rework-kestrel-v9.jpg,v2-part4-kestrel-states,pending,v2-part3-rework-kestrel-v9,256,style-fusion.json,V2,cars,
v2-part4-kestrel-state-damaged-2-v1,Kestrel,"Use the supplied exact owner-approved reference. Freeze body geometry, wheel count and centres, camera, RIGHT heading, framing, cockpit, engine, weapons, fins, all attachment points and material roles. Only the requested state or painted-panel colour may change. Add deeper buckled panels, cracked cockpit glass and exposed metal scars, clearly more severe than light damage. Retain overall chassis footprint and all wheels, engine, fins and weapons. Keep complete car and the reference clear border.",1024x1024,single,#FF00FF,1,blocked-owner-reference,car,art/review/fusion/sources/v2-part3-rework-kestrel-v9.jpg,v2-part4-kestrel-states,pending,v2-part3-rework-kestrel-v9,256,style-fusion.json,V2,cars,
v2-part4-kestrel-state-wreck-v1,Kestrel,"Use the supplied exact owner-approved reference. Freeze body geometry, wheel count and centres, camera, RIGHT heading, framing, cockpit, engine, weapons, fins, all attachment points and material roles. Only the requested state or painted-panel colour may change. Burnt inert wreck with blackened panels, collapsed roof detail and opaque broken glass. Keep recognizable footprint, all wheels and identity attachments. No detached pieces, smoke or flames. Keep complete car and the reference clear border.",1024x1024,single,#FF00FF,1,blocked-owner-reference,car,art/review/fusion/sources/v2-part3-rework-kestrel-v9.jpg,v2-part4-kestrel-states,pending,v2-part3-rework-kestrel-v9,256,style-fusion.json,V2,cars,
v2-part4-kestrel-livery-bone-v1,Kestrel,"Use the supplied exact owner-approved reference. Freeze body geometry, wheel count and centres, camera, RIGHT heading, framing, cockpit, engine, weapons, fins, all attachment points and material roles. Only the requested state or painted-panel colour may change. Change only painted body panels to muted bone #DDD0A6. Preserve bare silver steel, ivory weapon parts, rubber, glass, electrical colours and existing contrasting marks. Preserve all wear. No new damage, emblems, text or numbers.",1024x1024,single,#FF00FF,1,blocked-owner-reference,car,art/review/fusion/sources/v2-part3-rework-kestrel-v9.jpg,v2-part4-kestrel-liveries,pending,v2-part3-rework-kestrel-v9,256,style-fusion.json,V2,cars,
v2-part4-kestrel-livery-red-v1,Kestrel,"Use the supplied exact owner-approved reference. Freeze body geometry, wheel count and centres, camera, RIGHT heading, framing, cockpit, engine, weapons, fins, all attachment points and material roles. Only the requested state or painted-panel colour may change. Change only painted body panels to dried red #6C2427. Preserve bare silver steel, ivory weapon parts, rubber, glass, electrical colours and existing contrasting marks. Preserve all wear. No new damage, emblems, text or numbers.",1024x1024,single,#FF00FF,1,blocked-owner-reference,car,art/review/fusion/sources/v2-part3-rework-kestrel-v9.jpg,v2-part4-kestrel-liveries,pending,v2-part3-rework-kestrel-v9,256,style-fusion.json,V2,cars,
v2-part4-kestrel-livery-ochre-v1,Kestrel,"Use the supplied exact owner-approved reference. Freeze body geometry, wheel count and centres, camera, RIGHT heading, framing, cockpit, engine, weapons, fins, all attachment points and material roles. Only the requested state or painted-panel colour may change. Change only painted body panels to sun-baked ochre #A37738. Preserve bare silver steel, ivory weapon parts, rubber, glass, electrical colours and existing contrasting marks. Preserve all wear. No new damage, emblems, text or numbers.",1024x1024,single,#FF00FF,1,blocked-owner-reference,car,art/review/fusion/sources/v2-part3-rework-kestrel-v9.jpg,v2-part4-kestrel-liveries,pending,v2-part3-rework-kestrel-v9,256,style-fusion.json,V2,cars,
