variant,seed,seconds,timeout,rigWin,oneShots,hash,cars
ammo8,7319,468.5333333332359,false,true,0,-1802279008054477354,0:Line:36.73689283998205:ELIMINATION:60:0:2;1:Bulwark:0.0:NONE:243:8:8
ammo8,112048,600.0166666664496,true,false,0,5742653622196935130,0:Line:13.068440502959714:NONE:180:5:8;1:Bulwark:54.14575374004359:NONE:243:8:9
ammo8,216777,600.0166666664496,true,false,0,-3241962389184065569,0:Line:63.26542448154225:NONE:180:5:10;1:Bulwark:28.967836320215696:NONE:243:8:8
ammo8,321506,197.61666666671607,false,false,0,-881097172541251065,0:Line:0.0:NONE:158:0:2;1:Bulwark:16.567691649744386:ELIMINATION:243:8:11
ammo8,426235,103.28333333332876,false,false,0,-5555779558255030489,0:Line:0.0:NONE:180:2:4;1:Bulwark:59.596193007546525:ELIMINATION:243:6:3
ammo8,530964,490.1333333332162,false,true,0,-7205835957389981273,0:Line:43.279703740152435:ELIMINATION:180:0:10;1:Bulwark:0.0:NONE:243:6:10
ammo8,635693,118.68333333332788,false,true,0,-7836322216718529982,0:Line:43.41900361934238:ELIMINATION:106:0:1;1:Bulwark:0.0:NONE:243:8:7
ammo8,740422,151.20000000001247,false,true,0,1374235147127307717,0:Line:14.036984379402318:ELIMINATION:139:0:2;1:Bulwark:0.0:NONE:243:8:8
ammo8,845151,466.03333333323815,false,true,0,6023319802112746078,0:Line:26.600635377839417:ELIMINATION:180:4:14;1:Bulwark:0.0:NONE:243:4:12
ammo8,949880,113.73333333332816,false,true,0,393859462026133087,0:Line:26.545012751444233:ELIMINATION:180:2:5;1:Bulwark:0.0:NONE:243:1:3
ammo8,1054609,157.0666666666838,false,true,0,-7327365682448744773,0:Line:64.352844981037:ELIMINATION:86:0:2;1:Bulwark:0.0:NONE:243:8:9
ammo8,1159338,139.5500000000032,false,true,0,-8391388861029043994,0:Line:20.75456870334041:ELIMINATION:157:0:4;1:Bulwark:0.0:NONE:243:8:5
