class,entryMps,holdSeconds,firstSpinSeconds,observedSpinDeg,peakSlipDeg,recoverySeconds,exitSpeedMps
Needle,14.000000,0.100000,,,3.126456,0.500000,12.813717
Needle,14.000000,0.200000,,,2.800576,0.550000,12.682781
Needle,14.000000,0.300000,,,2.756954,0.550000,12.525982
Needle,14.000000,0.400000,,,2.756954,0.533333,12.369352
Needle,14.000000,0.500000,,,5.471639,0.533333,12.151952
Needle,14.000000,0.600000,,,8.623607,0.533333,11.873367
Needle,14.000000,0.700000,,,10.883774,0.533333,11.622155
Needle,14.000000,0.800000,,,12.410075,0.516667,11.406285
Needle,14.000000,0.900000,,,13.806037,0.533333,11.140922
Needle,14.000000,1.000000,,,14.739883,0.533333,10.869504
Needle,14.000000,1.100000,,,15.232653,0.533333,10.592722
Needle,14.000000,1.200000,,,15.326297,0.533333,10.263468
Needle,14.000000,1.300000,,,15.326297,0.516667,10.024312
Needle,14.000000,1.400000,,,15.326297,0.516667,9.685312
Needle,14.000000,1.500000,,,15.326297,0.500000,9.442136
Needle,14.000000,1.600000,,,15.326297,0.516667,9.150433
Needle,14.000000,1.700000,,,15.326297,0.533333,8.816327
Needle,14.000000,1.800000,,,15.326297,0.533333,8.587312
Needle,14.000000,1.900000,,,15.326297,0.550000,8.289935
Needle,14.000000,2.000000,,,15.326297,0.533333,8.099527
Needle,14.000000,2.100000,,,15.326297,0.550000,7.900441
Needle,14.000000,2.200000,,,15.326297,0.550000,7.724439
Needle,14.000000,2.300000,,,15.326297,0.566667,7.469710
Needle,14.000000,2.400000,,,15.326297,0.566667,7.382985
Needle,14.000000,2.500000,,,15.326297,0.550000,7.362373
Needle,14.000000,2.600000,,,15.326297,0.550000,7.284404
Needle,14.000000,2.700000,,,15.326297,0.550000,7.240423
Needle,14.000000,2.800000,,,15.326297,0.566667,7.130519
Needle,14.000000,2.900000,,,15.326297,0.566667,7.030782
Needle,14.000000,3.000000,,,15.326297,0.550000,6.944356
Needle,22.000000,0.100000,,,0.881962,0.500000,16.149832
Needle,22.000000,0.200000,,,2.549129,0.533333,15.992721
Needle,22.000000,0.300000,,,6.277211,0.550000,15.775335
Needle,22.000000,0.400000,,,10.044057,0.583333,15.574823
Needle,22.000000,0.500000,,,14.352994,0.616667,15.316320
Needle,22.000000,0.600000,,,18.824211,0.716667,14.995864
Needle,22.000000,0.700000,,,22.076527,0.766667,14.715291
Needle,22.000000,0.800000,,,24.380060,0.783333,14.480241
Needle,22.000000,0.900000,,,26.805556,0.816667,14.184703
Needle,22.000000,1.000000,,,29.276985,0.883333,13.827377
Needle,22.000000,1.100000,,,32.329864,1.016667,13.317238
Needle,22.000000,1.200000,,,42.011578,1.316667,12.164085
Needle,22.000000,1.300000,,,49.713501,1.616667,10.153164
Needle,22.000000,1.400000,1.866667,67.830300,70.670891,2.416667,6.421456
Needle,22.000000,1.500000,1.683333,67.958510,92.286789,1.766667,4.228963
Needle,22.000000,1.600000,1.650000,69.152232,140.470151,1.666667,2.315949
Needle,22.000000,1.700000,1.633333,67.739242,179.691631,1.883333,1.436341
Needle,22.000000,1.800000,1.633333,67.739242,179.557537,1.883333,1.365320
Needle,22.000000,1.900000,1.633333,67.739242,179.559114,1.916667,1.248879
Needle,22.000000,2.000000,1.633333,67.739242,178.259806,1.900000,0.765720
Needle,22.000000,2.100000,1.633333,67.739242,179.768501,1.716667,0.225620
Needle,22.000000,2.200000,1.633333,67.739242,179.820704,1.800000,0.529103
Needle,22.000000,2.300000,1.633333,67.739242,179.961617,1.816667,0.850280
Needle,22.000000,2.400000,1.633333,67.739242,179.936152,1.666667,0.754182
Needle,22.000000,2.500000,1.633333,67.739242,179.982916,1.366667,0.141617
Needle,22.000000,2.600000,1.633333,67.739242,179.354396,1.133333,1.190558
Needle,22.000000,2.700000,1.633333,67.739242,173.478807,0.933333,1.283619
Needle,22.000000,2.800000,1.633333,67.739242,173.478807,0.916667,2.183155
Needle,22.000000,2.900000,1.633333,67.739242,173.478807,0.883333,2.910983
Needle,22.000000,3.000000,1.633333,67.739242,173.478807,0.866667,3.324271
Needle,28.000000,0.100000,,,1.243022,0.483333,18.646978
Needle,28.000000,0.200000,,,3.715723,0.533333,18.473665
Needle,28.000000,0.300000,,,8.665361,0.600000,18.224447
Needle,28.000000,0.400000,,,12.740723,0.633333,18.014589
Needle,28.000000,0.500000,,,17.415793,0.716667,17.747305
Needle,28.000000,0.600000,,,22.288731,0.816667,17.421102
Needle,28.000000,0.700000,,,25.849259,0.883333,17.132448
Needle,28.000000,0.800000,,,28.735959,0.950000,16.838703
Needle,28.000000,0.900000,,,33.439323,1.216667,16.183762
Needle,28.000000,1.000000,,,46.603474,1.916667,13.347701
Needle,28.000000,1.100000,,,66.849439,2.166667,8.815994
Needle,28.000000,1.200000,1.500000,68.151774,105.562223,2.283333,3.446871
Needle,28.000000,1.300000,1.433333,67.657547,179.979582,2.166667,0.897628
Needle,28.000000,1.400000,1.416667,68.271123,179.856611,2.750000,0.946674
Needle,28.000000,1.500000,1.416667,68.271123,179.852660,2.533333,0.028649
Needle,28.000000,1.600000,1.416667,68.271123,179.570227,2.900000,5.390260
Needle,28.000000,1.700000,1.416667,68.271123,178.944420,2.500000,7.381294
Needle,28.000000,1.800000,1.416667,68.271123,179.147768,2.600000,6.722850
Needle,28.000000,1.900000,1.416667,68.271123,180.000000,3.300000,4.180183
Needle,28.000000,2.000000,1.416667,68.271123,180.000000,3.300000,4.493098
Needle,28.000000,2.100000,1.416667,68.271123,179.907493,2.516667,5.494718
Needle,28.000000,2.200000,1.416667,68.271123,179.109018,2.183333,6.360114
Needle,28.000000,2.300000,1.416667,68.271123,179.109018,2.000000,6.627723
Needle,28.000000,2.400000,1.416667,68.271123,179.109018,1.850000,6.702268
Needle,28.000000,2.500000,1.416667,68.271123,179.109018,1.733333,6.737510
Needle,28.000000,2.600000,1.416667,68.271123,179.109018,1.600000,6.843599
Needle,28.000000,2.700000,1.416667,68.271123,179.109018,1.466667,7.044452
Needle,28.000000,2.800000,1.416667,68.271123,179.109018,1.350000,7.197026
Needle,28.000000,2.900000,1.416667,68.271123,179.109018,1.250000,7.319843
Needle,28.000000,3.000000,1.416667,68.271123,179.109018,1.150000,7.506943
Line,14.000000,0.100000,,,2.820134,0.383333,10.894801
Line,14.000000,0.200000,,,4.090587,0.566667,10.758052
Line,14.000000,0.300000,,,3.615312,0.583333,10.640479
Line,14.000000,0.400000,,,3.615312,0.566667,10.530057
Line,14.000000,0.500000,,,4.013923,0.566667,10.371219
Line,14.000000,0.600000,,,4.782097,0.583333,10.148709
Line,14.000000,0.700000,,,5.190799,0.566667,9.932916
Line,14.000000,0.800000,,,5.397885,0.550000,9.740442
Line,14.000000,0.900000,,,5.740769,0.550000,9.498508
Line,14.000000,1.000000,,,6.694779,0.550000,9.247613
Line,14.000000,1.100000,,,7.258546,0.550000,8.990232
Line,14.000000,1.200000,,,7.405677,0.566667,8.684595
Line,14.000000,1.300000,,,7.405677,0.550000,8.464388
Line,14.000000,1.400000,,,7.405677,0.566667,8.156663
Line,14.000000,1.500000,,,7.405677,0.550000,7.939986
Line,14.000000,1.600000,,,7.405677,0.550000,7.687892
Line,14.000000,1.700000,,,7.405677,0.566667,7.409250
Line,14.000000,1.800000,,,7.405677,0.566667,7.222543
Line,14.000000,1.900000,,,7.405677,0.583333,6.980219
Line,14.000000,2.000000,,,8.732003,0.566667,6.819580
Line,14.000000,2.100000,,,9.527586,0.566667,6.660086
Line,14.000000,2.200000,,,9.637299,0.583333,6.546498
Line,14.000000,2.300000,,,9.660333,0.600000,6.416542
Line,14.000000,2.400000,,,9.738671,0.600000,6.304213
Line,14.000000,2.500000,,,9.842798,0.583333,6.210604
Line,14.000000,2.600000,,,9.991588,0.583333,6.081161
Line,14.000000,2.700000,,,10.146578,0.583333,5.971002
Line,14.000000,2.800000,,,10.319203,0.600000,5.870339
Line,14.000000,2.900000,,,10.454143,0.600000,5.750386
Line,14.000000,3.000000,,,10.556218,0.583333,5.662828
Line,22.000000,0.100000,,,1.150300,0.383333,14.231884
Line,22.000000,0.200000,,,2.037813,0.550000,14.097284
Line,22.000000,0.300000,,,3.461421,0.566667,13.952975
Line,22.000000,0.400000,,,4.730232,0.550000,13.803071
Line,22.000000,0.500000,,,7.356194,0.583333,13.583108
Line,22.000000,0.600000,,,11.106901,0.650000,13.299547
Line,22.000000,0.700000,,,14.092549,0.666667,13.045276
Line,22.000000,0.800000,,,16.364460,0.666667,12.828921
Line,22.000000,0.900000,,,18.752971,0.700000,12.567002
Line,22.000000,1.000000,,,20.779924,0.716667,12.305829
Line,22.000000,1.100000,,,22.467221,0.750000,12.046591
Line,22.000000,1.200000,,,23.959377,0.766667,11.746227
Line,22.000000,1.300000,,,24.728393,0.750000,11.531628
Line,22.000000,1.400000,,,25.505819,0.766667,11.223077
Line,22.000000,1.500000,,,25.914186,0.750000,10.995592
Line,22.000000,1.600000,,,26.280748,0.733333,10.714129
Line,22.000000,1.700000,,,26.555035,0.750000,10.373751
Line,22.000000,1.800000,,,26.645908,0.716667,10.123069
Line,22.000000,1.900000,,,26.655006,0.700000,9.761634
Line,22.000000,2.000000,,,26.655006,0.683333,9.497412
Line,22.000000,2.100000,,,26.655006,0.666667,9.174047
Line,22.000000,2.200000,,,26.655006,0.633333,8.842503
Line,22.000000,2.300000,,,26.655006,0.633333,8.449775
Line,22.000000,2.400000,,,26.655006,0.616667,8.104714
Line,22.000000,2.500000,,,26.655006,0.566667,7.808754
Line,22.000000,2.600000,,,26.655006,0.533333,7.444832
Line,22.000000,2.700000,,,26.655006,0.483333,7.072301
Line,22.000000,2.800000,,,26.655006,0.533333,6.642242
Line,22.000000,2.900000,,,26.655006,0.550000,6.292181
Line,22.000000,3.000000,,,26.655006,0.550000,6.026251
Line,30.000000,0.100000,,,0.962854,0.450000,17.556868
Line,30.000000,0.200000,,,2.717943,0.533333,17.427542
Line,30.000000,0.300000,,,4.894316,0.550000,17.257238
Line,30.000000,0.400000,,,7.401591,0.600000,17.078169
Line,30.000000,0.500000,,,11.037154,0.666667,16.838106
Line,30.000000,0.600000,,,15.244410,0.733333,16.550433
Line,30.000000,0.700000,,,18.595995,0.816667,16.302701
Line,30.000000,0.800000,,,21.117482,0.850000,16.097940
Line,30.000000,0.900000,,,23.761088,0.900000,15.858054
Line,30.000000,1.000000,,,26.010171,0.950000,15.620184
Line,30.000000,1.100000,,,28.210808,1.016667,15.346362
Line,30.000000,1.200000,,,31.278942,1.183333,14.892688
Line,30.000000,1.300000,,,34.725520,1.450000,14.251433
Line,30.000000,1.400000,,,48.171021,2.266667,10.850265
Line,30.000000,1.500000,,,62.215231,2.416667,7.405865
Line,30.000000,1.600000,2.083333,68.264989,86.410252,2.500000,3.424247
Line,30.000000,1.700000,1.933333,68.440013,146.854322,2.200000,0.183786
Line,30.000000,1.800000,1.900000,68.824614,179.917060,2.450000,1.636890
Line,30.000000,1.900000,1.883333,68.532808,179.853475,2.666667,2.428738
Line,30.000000,2.000000,1.883333,68.532808,179.506053,2.483333,2.006807
Line,30.000000,2.100000,1.883333,68.532808,179.010921,2.533333,1.123249
Line,30.000000,2.200000,1.883333,68.532808,179.733070,2.500000,1.144999
Line,30.000000,2.300000,1.883333,68.532808,179.008713,3.033333,3.477741
Line,30.000000,2.400000,1.883333,68.532808,179.182495,2.516667,2.850836
Line,30.000000,2.500000,1.883333,68.532808,180.000000,3.666667,6.180517
Line,30.000000,2.600000,1.883333,68.532808,180.000000,3.816667,6.776686
Line,30.000000,2.700000,1.883333,68.532808,179.862407,2.250000,3.419588
Line,30.000000,2.800000,1.883333,68.532808,179.729172,1.900000,1.290019
Line,30.000000,2.900000,1.883333,68.532808,179.729172,1.733333,0.585600
Line,30.000000,3.000000,1.883333,68.532808,179.729172,1.600000,0.101290
Bastion,14.000000,0.100000,,,3.592034,0.383333,10.229621
Bastion,14.000000,0.200000,,,5.200055,0.533333,10.059769
Bastion,14.000000,0.300000,,,5.710834,0.583333,9.911428
Bastion,14.000000,0.400000,,,5.671762,0.600000,9.777216
Bastion,14.000000,0.500000,,,5.671762,0.583333,9.607325
Bastion,14.000000,0.600000,,,6.538909,0.683333,9.381940
Bastion,14.000000,0.700000,,,7.401825,0.683333,9.161316
Bastion,14.000000,0.800000,,,7.947887,0.683333,8.959939
Bastion,14.000000,0.900000,,,8.425848,0.683333,8.701007
Bastion,14.000000,1.000000,,,8.763153,0.683333,8.428557
Bastion,14.000000,1.100000,,,8.979336,0.683333,8.147951
Bastion,14.000000,1.200000,,,9.056452,0.716667,7.817875
Bastion,14.000000,1.300000,,,8.962801,0.700000,7.584878
Bastion,14.000000,1.400000,,,8.717322,0.716667,7.272036
Bastion,14.000000,1.500000,,,8.331113,0.700000,7.062813
Bastion,14.000000,1.600000,,,7.869822,0.700000,6.831904
Bastion,14.000000,1.700000,,,8.589854,0.716667,6.563363
Bastion,14.000000,1.800000,,,9.191809,0.700000,6.402142
Bastion,14.000000,1.900000,,,9.902864,0.716667,6.160750
Bastion,14.000000,2.000000,,,10.349749,0.600000,6.029010
Bastion,14.000000,2.100000,,,10.833766,0.600000,5.876514
Bastion,14.000000,2.200000,,,11.265400,0.600000,5.734649
Bastion,14.000000,2.300000,,,11.706150,0.616667,5.593150
Bastion,14.000000,2.400000,,,12.033594,0.633333,5.469745
Bastion,14.000000,2.500000,,,12.273965,0.616667,5.360819
Bastion,14.000000,2.600000,,,12.527209,0.616667,5.248628
Bastion,14.000000,2.700000,,,12.746232,0.616667,5.166218
Bastion,14.000000,2.800000,,,12.964116,0.633333,5.040678
Bastion,14.000000,2.900000,,,13.123003,0.633333,4.940754
Bastion,14.000000,3.000000,,,13.238389,0.616667,4.859052
Bastion,22.000000,0.100000,,,1.610799,0.383333,13.577370
Bastion,22.000000,0.200000,,,1.950355,0.550000,13.414948
Bastion,22.000000,0.300000,,,3.277033,0.583333,13.256818
Bastion,22.000000,0.400000,,,4.333377,0.566667,13.107216
Bastion,22.000000,0.500000,,,5.637696,0.566667,12.885083
Bastion,22.000000,0.600000,,,7.087516,0.650000,12.578470
Bastion,22.000000,0.700000,,,9.524108,0.666667,12.290544
Bastion,22.000000,0.800000,,,11.693662,0.650000,12.040371
Bastion,22.000000,0.900000,,,14.068783,0.666667,11.730249
Bastion,22.000000,1.000000,,,16.171251,0.683333,11.412135
Bastion,22.000000,1.100000,,,17.974836,0.683333,11.089227
Bastion,22.000000,1.200000,,,19.619981,0.700000,10.707426
Bastion,22.000000,1.300000,,,20.472506,0.683333,10.431513
Bastion,22.000000,1.400000,,,21.217175,0.683333,10.039575
Bastion,22.000000,1.500000,,,21.434269,0.666667,9.753745
Bastion,22.000000,1.600000,,,21.448928,0.650000,9.402851
Bastion,22.000000,1.700000,,,21.448928,0.650000,8.982408
Bastion,22.000000,1.800000,,,21.448928,0.633333,8.671916
Bastion,22.000000,1.900000,,,21.448928,0.633333,8.220721
Bastion,22.000000,2.000000,,,21.448928,0.600000,7.887726
Bastion,22.000000,2.100000,,,21.448928,0.600000,7.476474
Bastion,22.000000,2.200000,,,21.448928,0.616667,7.055626
Bastion,22.000000,2.300000,,,21.448928,0.666667,6.568465
Bastion,22.000000,2.400000,,,21.448928,0.683333,6.173096
Bastion,22.000000,2.500000,,,21.448928,0.683333,5.871161
Bastion,22.000000,2.600000,,,21.448928,0.683333,5.498449
Bastion,22.000000,2.700000,,,21.448928,0.616667,5.247448
Bastion,22.000000,2.800000,,,21.448928,0.650000,5.160473
Bastion,22.000000,2.900000,,,21.448928,0.650000,5.104065
Bastion,22.000000,3.000000,,,21.448928,0.633333,5.048221
Bastion,30.000000,0.100000,,,0.775117,0.383333,16.910738
Bastion,30.000000,0.200000,,,2.317887,0.550000,16.759606
Bastion,30.000000,0.300000,,,3.968821,0.566667,16.591104
Bastion,30.000000,0.400000,,,5.428620,0.550000,16.418344
Bastion,30.000000,0.500000,,,7.832480,0.633333,16.162578
Bastion,30.000000,0.600000,,,11.632685,0.700000,15.834332
Bastion,30.000000,0.700000,,,14.849301,0.733333,15.541076
Bastion,30.000000,0.800000,,,17.377270,0.750000,15.292869
Bastion,30.000000,0.900000,,,20.151954,0.816667,14.994410
Bastion,30.000000,1.000000,,,22.573453,0.866667,14.700065
Bastion,30.000000,1.100000,,,24.610444,0.916667,14.411165
Bastion,30.000000,1.200000,,,26.696108,0.966667,14.066247
Bastion,30.000000,1.300000,,,28.182055,1.000000,13.794147
Bastion,30.000000,1.400000,,,30.520853,1.116667,13.348547
Bastion,30.000000,1.500000,,,32.735728,1.233333,12.932602
Bastion,30.000000,1.600000,,,39.754390,1.500000,12.137016
Bastion,30.000000,1.700000,,,48.202476,1.950000,9.818554
Bastion,30.000000,1.800000,,,58.269632,2.316667,6.690863
Bastion,30.000000,1.900000,2.300000,67.725049,79.288083,2.200000,2.848294
Bastion,30.000000,2.000000,2.183333,67.619652,99.598677,1.950000,1.482948
Bastion,30.000000,2.100000,2.150000,68.388404,141.245297,1.883333,0.384471
Bastion,30.000000,2.200000,2.150000,69.040074,178.207562,1.916667,1.078079
Bastion,30.000000,2.300000,2.150000,69.040074,179.123556,1.966667,1.220137
Bastion,30.000000,2.400000,2.150000,69.040074,179.037110,2.116667,1.152913
Bastion,30.000000,2.500000,2.150000,69.040074,179.520305,2.116667,1.242271
Bastion,30.000000,2.600000,2.150000,69.040074,178.579551,1.950000,1.774606
Bastion,30.000000,2.700000,2.150000,69.040074,178.470480,1.933333,2.314495
Bastion,30.000000,2.800000,2.150000,69.040074,179.986777,2.000000,3.024705
Bastion,30.000000,2.900000,2.150000,69.040074,179.892768,2.050000,3.387152
Bastion,30.000000,3.000000,2.150000,69.040074,179.869071,2.033333,3.571140
Comet,14.000000,0.100000,,,3.310165,0.450000,12.800219
Comet,14.000000,0.200000,,,4.415570,0.566667,12.660893
Comet,14.000000,0.300000,,,3.327314,0.583333,12.518201
Comet,14.000000,0.400000,,,3.327314,0.550000,12.382591
Comet,14.000000,0.500000,,,4.405890,0.550000,12.183222
Comet,14.000000,0.600000,,,5.294107,0.566667,11.911621
Comet,14.000000,0.700000,,,6.346143,0.600000,11.658706
Comet,14.000000,0.800000,,,7.866171,0.583333,11.439227
Comet,14.000000,0.900000,,,9.352592,0.583333,11.169356
Comet,14.000000,1.000000,,,10.436560,0.583333,10.893886
Comet,14.000000,1.100000,,,11.105944,0.583333,10.613096
Comet,14.000000,1.200000,,,11.365425,0.600000,10.279360
Comet,14.000000,1.300000,,,11.365425,0.516667,10.037571
Comet,14.000000,1.400000,,,11.365425,0.533333,9.696408
Comet,14.000000,1.500000,,,11.365425,0.533333,9.452668
Comet,14.000000,1.600000,,,11.365425,0.533333,9.162920
Comet,14.000000,1.700000,,,11.365425,0.550000,8.834558
Comet,14.000000,1.800000,,,11.365425,0.533333,8.611562
Comet,14.000000,1.900000,,,11.365425,0.566667,8.320646
Comet,14.000000,2.000000,,,11.365425,0.550000,8.131941
Comet,14.000000,2.100000,,,11.365425,0.566667,7.919640
Comet,14.000000,2.200000,,,11.365425,0.566667,7.621721
Comet,14.000000,2.300000,,,11.620596,0.616667,7.469912
Comet,14.000000,2.400000,,,11.752297,0.600000,7.357237
Comet,14.000000,2.500000,,,11.752297,0.583333,7.291706
Comet,14.000000,2.600000,,,11.752297,0.583333,7.184226
Comet,14.000000,2.700000,,,11.752297,0.583333,7.088757
Comet,14.000000,2.800000,,,11.752297,0.600000,6.966568
Comet,14.000000,2.900000,,,11.752297,0.600000,6.854602
Comet,14.000000,3.000000,,,11.752297,0.583333,6.757206
Comet,22.000000,0.100000,,,1.468205,0.483333,16.134960
Comet,22.000000,0.200000,,,2.019398,0.550000,15.995251
Comet,22.000000,0.300000,,,4.084165,0.566667,15.832374
Comet,22.000000,0.400000,,,5.911428,0.550000,15.665895
Comet,22.000000,0.500000,,,9.567731,0.616667,15.437248
Comet,22.000000,0.600000,,,13.602594,0.650000,15.158232
Comet,22.000000,0.700000,,,16.725404,0.683333,14.912925
Comet,22.000000,0.800000,,,19.012672,0.700000,14.706874
Comet,22.000000,0.900000,,,21.361176,0.733333,14.459185
Comet,22.000000,1.000000,,,23.313369,0.766667,14.212340
Comet,22.000000,1.100000,,,24.907590,0.783333,13.965326
Comet,22.000000,1.200000,,,26.441424,0.816667,13.660449
Comet,22.000000,1.300000,,,27.473046,0.833333,13.422811
Comet,22.000000,1.400000,,,28.984141,0.883333,13.049670
Comet,22.000000,1.500000,,,30.206173,0.916667,12.736248
Comet,22.000000,1.600000,,,31.995317,1.016667,12.278530
Comet,22.000000,1.700000,,,39.285287,1.200000,11.542387
Comet,22.000000,1.800000,,,47.038022,1.316667,10.875063
Comet,22.000000,1.900000,,,56.558055,1.633333,9.261314
Comet,22.000000,2.000000,,,65.343514,1.966667,7.600048
Comet,22.000000,2.100000,2.266667,68.096597,82.045653,1.733333,3.649167
Comet,22.000000,2.200000,2.216667,68.004582,110.764246,1.583333,1.932152
Comet,22.000000,2.300000,2.216667,68.145964,145.714550,1.533333,0.100366
Comet,22.000000,2.400000,2.216667,68.145964,179.383071,1.550000,0.372054
Comet,22.000000,2.500000,2.216667,68.145964,179.839514,1.533333,0.569239
Comet,22.000000,2.600000,2.216667,68.145964,178.480816,1.500000,0.776418
Comet,22.000000,2.700000,2.216667,68.145964,179.694197,1.466667,0.929211
Comet,22.000000,2.800000,2.216667,68.145964,171.148418,1.366667,1.017324
Comet,22.000000,2.900000,2.216667,68.145964,164.573529,1.316667,0.993218
Comet,22.000000,3.000000,2.216667,68.145964,157.792489,1.266667,0.891728
Comet,30.000000,0.100000,,,0.965596,0.483333,19.470361
Comet,30.000000,0.200000,,,2.937437,0.533333,19.329146
Comet,30.000000,0.300000,,,5.833005,0.550000,19.145470
Comet,30.000000,0.400000,,,9.060004,0.616667,18.965756
Comet,30.000000,0.500000,,,13.089865,0.666667,18.740771
Comet,30.000000,0.600000,,,17.541548,0.766667,18.480214
Comet,30.000000,0.700000,,,20.942417,0.833333,18.261433
Comet,30.000000,0.800000,,,23.417282,0.850000,18.083405
Comet,30.000000,0.900000,,,25.969793,0.900000,17.873908
Comet,30.000000,1.000000,,,28.478785,0.983333,17.633934
Comet,30.000000,1.100000,,,31.539953,1.116667,17.308372
Comet,30.000000,1.200000,,,40.419686,1.500000,16.528367
Comet,30.000000,1.300000,,,51.379284,2.183333,13.241132
Comet,30.000000,1.400000,1.950000,68.245113,80.740014,3.050000,6.859021
Comet,30.000000,1.500000,1.783333,67.851955,107.548641,2.333333,2.713962
Comet,30.000000,1.600000,1.716667,67.753887,178.875676,2.350000,0.401129
Comet,30.000000,1.700000,1.700000,67.739691,179.895991,2.650000,1.563934
Comet,30.000000,1.800000,1.700000,67.739691,179.422451,2.500000,0.947012
Comet,30.000000,1.900000,1.700000,67.739691,179.891405,3.250000,4.296686
Comet,30.000000,2.000000,1.700000,67.739691,179.571139,2.916667,7.268363
Comet,30.000000,2.100000,1.700000,67.739691,179.772009,3.000000,5.959417
Comet,30.000000,2.200000,1.700000,67.739691,179.473995,2.566667,1.351958
Comet,30.000000,2.300000,1.700000,67.739691,180.000000,3.416667,5.862681
Comet,30.000000,2.400000,1.700000,67.739691,180.000000,3.616667,6.830251
Comet,30.000000,2.500000,1.700000,67.739691,180.000000,2.966667,5.272561
Comet,30.000000,2.600000,1.700000,67.739691,179.372267,1.983333,0.972163
Comet,30.000000,2.700000,1.700000,67.739691,179.778836,1.816667,0.229712
Comet,30.000000,2.800000,1.700000,67.739691,179.778836,1.683333,1.368929
Comet,30.000000,2.900000,1.700000,67.739691,179.778836,1.566667,2.166776
Comet,30.000000,3.000000,1.700000,67.739691,179.778836,2.216667,5.250589
Trail,14.000000,0.100000,,,4.678907,0.483333,12.146824
Trail,14.000000,0.200000,,,7.055474,0.566667,12.001493
Trail,14.000000,0.300000,,,6.989660,0.583333,11.873216
Trail,14.000000,0.400000,,,6.989660,0.550000,11.743494
Trail,14.000000,0.500000,,,6.989660,0.550000,11.542918
Trail,14.000000,0.600000,,,6.989660,0.566667,11.260652
Trail,14.000000,0.700000,,,6.989660,0.566667,10.994224
Trail,14.000000,0.800000,,,6.989660,0.550000,10.764803
Trail,14.000000,0.900000,,,6.989660,0.550000,10.489914
Trail,14.000000,1.000000,,,6.989660,0.550000,10.224074
Trail,14.000000,1.100000,,,6.989660,0.550000,9.973348
Trail,14.000000,1.200000,,,6.989660,0.566667,9.703177
Trail,14.000000,1.300000,,,6.989660,0.550000,9.524627
Trail,14.000000,1.400000,,,7.858231,0.566667,9.293402
Trail,14.000000,1.500000,,,8.410522,0.550000,9.140239
Trail,14.000000,1.600000,,,8.992859,0.550000,8.968460
Trail,14.000000,1.700000,,,9.577583,0.566667,8.783023
Trail,14.000000,1.800000,,,9.939779,0.566667,8.659352
Trail,14.000000,1.900000,,,10.377810,0.583333,8.496883
Trail,14.000000,2.000000,,,10.646620,0.550000,8.347949
Trail,14.000000,2.100000,,,10.926588,0.550000,8.220230
Trail,14.000000,2.200000,,,11.165729,0.550000,8.098478
Trail,14.000000,2.300000,,,11.400402,0.566667,7.962635
Trail,14.000000,2.400000,,,11.569116,0.583333,7.850415
Trail,14.000000,2.500000,,,11.690117,0.566667,7.759233
Trail,14.000000,2.600000,,,11.815051,0.566667,7.651995
Trail,14.000000,2.700000,,,11.920964,0.566667,7.546771
Trail,14.000000,2.800000,,,12.024251,0.583333,7.370113
Trail,14.000000,2.900000,,,12.098152,0.583333,7.265753
Trail,14.000000,3.000000,,,12.150991,0.566667,7.178968
Trail,22.000000,0.100000,,,2.098556,0.500000,15.491542
Trail,22.000000,0.200000,,,2.220042,0.550000,15.325975
Trail,22.000000,0.300000,,,3.040623,0.566667,15.116029
Trail,22.000000,0.400000,,,3.708400,0.550000,14.886374
Trail,22.000000,0.500000,,,6.845299,0.533333,14.547418
Trail,22.000000,0.600000,,,10.641332,0.566667,14.101338
Trail,22.000000,0.700000,,,13.547142,0.600000,13.692950
Trail,22.000000,0.800000,,,15.636009,0.583333,13.340173
Trail,22.000000,0.900000,,,17.663976,0.583333,12.907118
Trail,22.000000,1.000000,,,19.150616,0.600000,12.467742
Trail,22.000000,1.100000,,,20.093755,0.583333,12.023817
Trail,22.000000,1.200000,,,20.509800,0.600000,11.499631
Trail,22.000000,1.300000,,,20.509800,0.566667,11.119419
Trail,22.000000,1.400000,,,20.509800,0.566667,10.580095
Trail,22.000000,1.500000,,,20.509800,0.516667,10.186459
Trail,22.000000,1.600000,,,20.509800,0.516667,9.705763
Trail,22.000000,1.700000,,,20.509800,0.550000,9.146142
Trail,22.000000,1.800000,,,20.509800,0.533333,8.761145
Trail,22.000000,1.900000,,,20.509800,0.566667,8.285986
Trail,22.000000,2.000000,,,20.509800,0.550000,8.021813
Trail,22.000000,2.100000,,,20.509800,0.533333,7.680393
Trail,22.000000,2.200000,,,20.509800,0.566667,7.632802
Trail,22.000000,2.300000,,,20.509800,0.583333,7.580357
Trail,22.000000,2.400000,,,20.509800,0.583333,7.522515
Trail,22.000000,2.500000,,,20.509800,0.566667,7.467918
Trail,22.000000,2.600000,,,20.509800,0.566667,7.398002
Trail,22.000000,2.700000,,,20.509800,0.566667,7.324770
Trail,22.000000,2.800000,,,20.509800,0.583333,7.235948
Trail,22.000000,2.900000,,,20.509800,0.600000,7.157003
Trail,22.000000,3.000000,,,20.509800,0.583333,7.089213
Trail,30.000000,0.100000,,,0.996915,0.500000,18.827230
Trail,30.000000,0.200000,,,2.542860,0.533333,18.653390
Trail,30.000000,0.300000,,,4.865447,0.550000,18.381379
Trail,30.000000,0.400000,,,8.229051,0.566667,18.091462
Trail,30.000000,0.500000,,,12.553382,0.616667,17.697095
Trail,30.000000,0.600000,,,17.301758,0.683333,17.198236
Trail,30.000000,0.700000,,,20.899034,0.733333,16.750825
Trail,30.000000,0.800000,,,23.486009,0.750000,16.364820
Trail,30.000000,0.900000,,,26.157644,0.800000,15.884691
Trail,30.000000,1.000000,,,28.959147,0.866667,15.297195
Trail,30.000000,1.100000,,,32.893061,1.033333,14.351892
Trail,30.000000,1.200000,,,46.022316,1.450000,11.467004
Trail,30.000000,1.300000,,,60.931017,1.666667,7.884106
Trail,30.000000,1.400000,1.600000,67.894224,97.103007,1.666667,3.897426
Trail,30.000000,1.500000,1.566667,68.956706,160.674235,1.600000,1.757822
Trail,30.000000,1.600000,1.550000,67.885662,179.781427,1.800000,0.750457
Trail,30.000000,1.700000,1.550000,67.885662,179.630711,1.966667,1.026594
Trail,30.000000,1.800000,1.550000,67.885662,179.920695,2.016667,0.242508
Trail,30.000000,1.900000,1.550000,67.885662,179.999381,2.633333,2.194180
Trail,30.000000,2.000000,1.550000,67.885662,179.999982,2.850000,3.154623
Trail,30.000000,2.100000,1.550000,67.885662,179.996795,2.816667,3.408986
Trail,30.000000,2.200000,1.550000,67.885662,179.987386,2.566667,2.906830
Trail,30.000000,2.300000,1.550000,67.885662,179.974744,1.583333,0.416112
Trail,30.000000,2.400000,1.550000,67.885662,179.360348,1.350000,0.813336
Trail,30.000000,2.500000,1.550000,67.885662,179.360348,1.216667,1.018833
Trail,30.000000,2.600000,1.550000,67.885662,179.360348,1.083333,1.323492
Trail,30.000000,2.700000,1.550000,67.885662,179.360348,0.916667,1.391538
Trail,30.000000,2.800000,1.550000,67.885662,179.360348,0.916667,2.457205
Trail,30.000000,2.900000,1.550000,67.885662,179.360348,0.916667,3.151484
Trail,30.000000,3.000000,1.550000,67.885662,179.360348,0.900000,3.704254
Flint,14.000000,0.100000,,,3.954650,0.466667,14.087319
Flint,14.000000,0.200000,,,5.100029,0.566667,13.964198
Flint,14.000000,0.300000,,,4.450186,0.566667,13.843618
Flint,14.000000,0.400000,,,4.450186,0.550000,13.712101
Flint,14.000000,0.500000,,,4.450186,0.550000,13.513939
Flint,14.000000,0.600000,,,4.450186,0.566667,13.240954
Flint,14.000000,0.700000,,,5.531164,0.550000,12.985418
Flint,14.000000,0.800000,,,6.928580,0.533333,12.761441
Flint,14.000000,0.900000,,,8.215406,0.533333,12.483439
Flint,14.000000,1.000000,,,9.053308,0.533333,12.197587
Flint,14.000000,1.100000,,,9.436383,0.533333,11.906131
Flint,14.000000,1.200000,,,9.463313,0.550000,11.561253
Flint,14.000000,1.300000,,,9.463313,0.533333,11.313963
Flint,14.000000,1.400000,,,9.463313,0.550000,10.970343
Flint,14.000000,1.500000,,,9.463313,0.533333,10.729894
Flint,14.000000,1.600000,,,9.463313,0.533333,10.452755
Flint,14.000000,1.700000,,,9.463313,0.566667,10.151025
Flint,14.000000,1.800000,,,9.463313,0.550000,9.954703
Flint,14.000000,1.900000,,,9.463313,0.566667,9.707751
Flint,14.000000,2.000000,,,9.463313,0.550000,9.552237
Flint,14.000000,2.100000,,,10.451270,0.566667,9.412931
Flint,14.000000,2.200000,,,10.719003,0.566667,9.312189
Flint,14.000000,2.300000,,,10.719003,0.583333,9.199321
Flint,14.000000,2.400000,,,10.719003,0.583333,9.094406
Flint,14.000000,2.500000,,,10.719003,0.566667,9.001288
Flint,14.000000,2.600000,,,10.719003,0.566667,8.884330
Flint,14.000000,2.700000,,,10.719003,0.566667,8.762998
Flint,14.000000,2.800000,,,10.719003,0.583333,8.616898
Flint,14.000000,2.900000,,,10.719003,0.583333,8.488096
Flint,14.000000,3.000000,,,10.719003,0.566667,8.378288
Flint,22.000000,0.100000,,,1.635363,0.500000,17.426260
Flint,22.000000,0.200000,,,2.213407,0.550000,17.288422
Flint,22.000000,0.300000,,,3.829233,0.550000,17.108841
Flint,22.000000,0.400000,,,7.029723,0.533333,16.913722
Flint,22.000000,0.500000,,,11.161627,0.583333,16.644134
Flint,22.000000,0.600000,,,15.609113,0.633333,16.301542
Flint,22.000000,0.700000,,,18.931107,0.683333,15.991542
Flint,22.000000,0.800000,,,21.295859,0.700000,15.728144
Flint,22.000000,0.900000,,,23.694416,0.733333,15.413140
Flint,22.000000,1.000000,,,25.695173,0.766667,15.094732
Flint,22.000000,1.100000,,,27.508311,0.783333,14.744421
Flint,22.000000,1.200000,,,29.687043,0.866667,14.254225
Flint,22.000000,1.300000,,,31.516751,0.916667,13.794483
Flint,22.000000,1.400000,,,37.557837,1.116667,12.801802
Flint,22.000000,1.500000,,,45.304048,1.250000,11.710815
Flint,22.000000,1.600000,,,52.940941,1.466667,9.635757
Flint,22.000000,1.700000,,,65.978681,1.866667,7.068594
Flint,22.000000,1.800000,1.916667,68.339042,82.815191,1.550000,4.821950
Flint,22.000000,1.900000,1.900000,69.324843,121.496505,1.483333,2.698681
Flint,22.000000,2.000000,1.900000,69.324843,179.393533,1.500000,1.446940
Flint,22.000000,2.100000,1.900000,69.324843,178.965137,1.650000,1.706694
Flint,22.000000,2.200000,1.900000,69.324843,177.697968,1.616667,1.489507
Flint,22.000000,2.300000,1.900000,69.324843,179.191116,1.550000,1.173353
Flint,22.000000,2.400000,1.900000,69.324843,178.338565,1.366667,0.756945
Flint,22.000000,2.500000,1.900000,69.324843,178.127202,1.283333,0.604420
Flint,22.000000,2.600000,1.900000,69.324843,178.652754,1.150000,0.678000
Flint,22.000000,2.700000,1.900000,69.324843,155.935069,1.066667,0.890178
Flint,22.000000,2.800000,1.900000,69.324843,131.272130,1.000000,1.493788
Flint,22.000000,2.900000,1.900000,69.324843,127.102786,0.966667,2.058073
Flint,22.000000,3.000000,1.900000,69.324843,127.102786,0.933333,2.562184
Flint,30.000000,0.100000,,,1.133730,0.500000,20.761040
Flint,30.000000,0.200000,,,3.171762,0.533333,20.609026
Flint,30.000000,0.300000,,,7.051920,0.583333,20.378950
Flint,30.000000,0.400000,,,10.983396,0.616667,20.155339
Flint,30.000000,0.500000,,,15.648769,0.683333,19.863366
Flint,30.000000,0.600000,,,20.648928,0.783333,19.492491
Flint,30.000000,0.700000,,,24.364494,0.866667,19.159564
Flint,30.000000,0.800000,,,27.112930,0.900000,18.861394
Flint,30.000000,0.900000,,,30.807083,1.033333,18.345380
Flint,30.000000,1.000000,,,37.410452,1.383333,17.102594
Flint,30.000000,1.100000,,,50.234747,1.733333,14.215435
Flint,30.000000,1.200000,1.683333,67.761504,73.356143,2.416667,9.025065
Flint,30.000000,1.300000,1.533333,68.200620,97.253075,2.683333,6.599101
Flint,30.000000,1.400000,1.483333,68.840190,179.575819,2.150000,1.200806
Flint,30.000000,1.500000,1.466667,67.634909,179.977730,2.483333,0.146721
Flint,30.000000,1.600000,1.466667,67.634909,179.157837,2.416667,0.571142
Flint,30.000000,1.700000,1.466667,67.634909,178.755829,2.883333,6.173839
Flint,30.000000,1.800000,1.466667,67.634909,178.598050,2.550000,7.704686
Flint,30.000000,1.900000,1.466667,67.634909,179.143630,2.400000,1.208814
Flint,30.000000,2.000000,1.466667,67.634909,180.000000,3.216667,4.466483
Flint,30.000000,2.100000,1.466667,67.634909,179.673691,2.150000,0.356085
Flint,30.000000,2.200000,1.466667,67.634909,178.964267,2.366667,6.578403
Flint,30.000000,2.300000,1.466667,67.634909,179.385345,2.100000,7.287104
Flint,30.000000,2.400000,1.466667,67.634909,179.385345,1.933333,7.540909
Flint,30.000000,2.500000,1.466667,67.634909,179.385345,1.800000,7.678498
Flint,30.000000,2.600000,1.466667,67.634909,179.385345,1.650000,7.852752
Flint,30.000000,2.700000,1.466667,67.634909,179.385345,1.516667,8.094821
Flint,30.000000,2.800000,1.466667,67.634909,179.385345,1.400000,8.350293
Flint,30.000000,2.900000,1.466667,67.634909,179.385345,1.283333,8.511822
Flint,30.000000,3.000000,1.466667,67.634909,179.385345,1.183333,8.707140
Quill,14.000000,0.100000,,,4.264798,0.500000,14.727830
Quill,14.000000,0.200000,,,4.122986,0.533333,14.593605
Quill,14.000000,0.300000,,,3.839155,0.550000,14.410282
Quill,14.000000,0.400000,,,3.839155,0.533333,14.230646
Quill,14.000000,0.500000,,,3.839155,0.533333,13.981268
Quill,14.000000,0.600000,,,6.239559,0.550000,13.664684
Quill,14.000000,0.700000,,,7.984503,0.533333,13.377743
Quill,14.000000,0.800000,,,9.073121,0.516667,13.130465
Quill,14.000000,0.900000,,,9.936174,0.516667,12.826101
Quill,14.000000,1.000000,,,10.320338,0.516667,12.515367
Quill,14.000000,1.100000,,,10.342975,0.516667,12.200471
Quill,14.000000,1.200000,,,10.342975,0.533333,11.831321
Quill,14.000000,1.300000,,,10.342975,0.516667,11.570188
Quill,14.000000,1.400000,,,10.342975,0.550000,11.213707
Quill,14.000000,1.500000,,,10.342975,0.533333,10.971904
Quill,14.000000,1.600000,,,10.342975,0.533333,10.701750
Quill,14.000000,1.700000,,,10.342975,0.550000,10.424790
Quill,14.000000,1.800000,,,10.342975,0.533333,10.252578
Quill,14.000000,1.900000,,,10.342975,0.566667,10.048277
Quill,14.000000,2.000000,,,10.992199,0.550000,9.942686
Quill,14.000000,2.100000,,,11.166871,0.550000,9.845613
Quill,14.000000,2.200000,,,11.166871,0.550000,9.751721
Quill,14.000000,2.300000,,,11.166871,0.566667,9.634101
Quill,14.000000,2.400000,,,11.166871,0.566667,9.526002
Quill,14.000000,2.500000,,,11.166871,0.550000,9.431362
Quill,14.000000,2.600000,,,11.166871,0.550000,9.312767
Quill,14.000000,2.700000,,,11.166871,0.550000,9.188947
Quill,14.000000,2.800000,,,11.166871,0.566667,9.038102
Quill,14.000000,2.900000,,,11.166871,0.566667,8.903476
Quill,14.000000,3.000000,,,11.166871,0.550000,8.787623
Quill,22.000000,0.100000,,,1.348134,0.500000,18.065050
Quill,22.000000,0.200000,,,1.964153,0.533333,17.883802
Quill,22.000000,0.300000,,,6.275622,0.533333,17.620894
Quill,22.000000,0.400000,,,10.200683,0.550000,17.380367
Quill,22.000000,0.500000,,,14.561216,0.583333,17.067357
Quill,22.000000,0.600000,,,18.950649,0.666667,16.679004
Quill,22.000000,0.700000,,,22.110382,0.700000,16.329752
Quill,22.000000,0.800000,,,24.313655,0.700000,16.034095
Quill,22.000000,0.900000,,,26.643789,0.733333,15.658109
Quill,22.000000,1.000000,,,28.943015,0.783333,15.209611
Quill,22.000000,1.100000,,,31.668723,0.866667,14.578723
Quill,22.000000,1.200000,,,40.981919,1.100000,13.274343
Quill,22.000000,1.300000,,,49.606656,1.266667,11.687137
Quill,22.000000,1.400000,,,63.889542,1.666667,8.190247
Quill,22.000000,1.500000,1.633333,68.034107,83.627982,1.533333,5.851130
Quill,22.000000,1.600000,1.600000,67.938866,125.503923,1.433333,3.846328
Quill,22.000000,1.700000,1.600000,67.938866,178.807077,1.683333,3.009217
Quill,22.000000,1.800000,1.600000,67.938866,178.039685,1.683333,2.725222
Quill,22.000000,1.900000,1.600000,67.938866,178.058521,1.650000,2.334487
Quill,22.000000,2.000000,1.600000,67.938866,179.941123,1.466667,2.022295
Quill,22.000000,2.100000,1.600000,67.938866,179.900056,1.450000,1.480186
Quill,22.000000,2.200000,1.600000,67.938866,179.872506,1.383333,1.337802
Quill,22.000000,2.300000,1.600000,67.938866,179.393019,1.200000,1.633109
Quill,22.000000,2.400000,1.600000,67.938866,164.839269,1.016667,2.035138
Quill,22.000000,2.500000,1.600000,67.938866,137.871850,0.933333,2.556186
Quill,22.000000,2.600000,1.600000,67.938866,135.758039,0.916667,3.228255
Quill,22.000000,2.700000,1.600000,67.938866,135.758039,0.900000,3.888284
Quill,22.000000,2.800000,1.600000,67.938866,135.758039,0.900000,4.044115
Quill,22.000000,2.900000,1.600000,67.938866,135.758039,0.900000,4.222252
Quill,22.000000,3.000000,1.600000,67.938866,135.758039,0.883333,4.402329
Quill,30.000000,0.100000,,,1.195042,0.483333,21.396668
Quill,30.000000,0.200000,,,3.915788,0.516667,21.184633
Quill,30.000000,0.300000,,,9.792653,0.583333,20.872528
Quill,30.000000,0.400000,,,14.166655,0.633333,20.613213
Quill,30.000000,0.500000,,,19.074090,0.700000,20.279572
Quill,30.000000,0.600000,,,24.039887,0.783333,19.847684
Quill,30.000000,0.700000,,,27.783189,0.866667,19.421094
Quill,30.000000,0.800000,,,31.514031,0.983333,18.844602
Quill,30.000000,0.900000,,,41.871241,1.466667,16.663981
Quill,30.000000,1.000000,,,61.087155,1.783333,11.953025
Quill,30.000000,1.100000,1.383333,68.647622,91.990344,2.466667,7.763609
Quill,30.000000,1.200000,1.300000,68.709701,179.993073,2.150000,2.067392
Quill,30.000000,1.300000,1.283333,67.834190,179.949751,2.483333,0.693758
Quill,30.000000,1.400000,1.283333,67.834190,179.161995,2.333333,2.584328
Quill,30.000000,1.500000,1.283333,67.834190,178.493393,2.500000,7.811121
Quill,30.000000,1.600000,1.283333,67.834190,179.839767,2.600000,7.168876
Quill,30.000000,1.700000,1.283333,67.834190,180.000000,3.450000,4.286254
Quill,30.000000,1.800000,1.283333,67.834190,180.000000,3.300000,4.125204
Quill,30.000000,1.900000,1.283333,67.834190,179.409571,2.266667,7.104437
Quill,30.000000,2.000000,1.283333,67.834190,179.366990,2.033333,7.822899
Quill,30.000000,2.100000,1.283333,67.834190,179.366990,1.850000,8.115382
Quill,30.000000,2.200000,1.283333,67.834190,179.366990,1.716667,8.222114
Quill,30.000000,2.300000,1.283333,67.834190,179.366990,1.566667,8.336563
Quill,30.000000,2.400000,1.283333,67.834190,179.366990,1.433333,8.531797
Quill,30.000000,2.500000,1.283333,67.834190,179.366990,1.316667,8.714262
Quill,30.000000,2.600000,1.283333,67.834190,179.366990,1.216667,8.872628
Quill,30.000000,2.700000,1.283333,67.834190,179.366990,1.116667,9.127247
Quill,30.000000,2.800000,1.283333,67.834190,179.366990,1.033333,9.814924
Quill,30.000000,2.900000,1.283333,67.834190,179.366990,0.983333,9.985738
Quill,30.000000,3.000000,1.283333,67.834190,179.366990,0.950000,9.947732
Vandal,14.000000,0.100000,,,3.882257,0.466667,12.150226
Vandal,14.000000,0.200000,,,5.586532,0.566667,11.983157
Vandal,14.000000,0.300000,,,4.800878,0.583333,11.823147
Vandal,14.000000,0.400000,,,4.800878,0.566667,11.673279
Vandal,14.000000,0.500000,,,5.103038,0.566667,11.458573
Vandal,14.000000,0.600000,,,5.787434,0.616667,11.167091
Vandal,14.000000,0.700000,,,6.125889,0.616667,10.888326
Vandal,14.000000,0.800000,,,6.297708,0.616667,10.642985
Vandal,14.000000,0.900000,,,6.406946,0.616667,10.337959
Vandal,14.000000,1.000000,,,6.464115,0.616667,10.025056
Vandal,14.000000,1.100000,,,6.475724,0.616667,9.708553
Vandal,14.000000,1.200000,,,6.437642,0.633333,9.341238
Vandal,14.000000,1.300000,,,6.331630,0.616667,9.083918
Vandal,14.000000,1.400000,,,6.059168,0.633333,8.739956
Vandal,14.000000,1.500000,,,5.866765,0.616667,8.508567
Vandal,14.000000,1.600000,,,8.219572,0.566667,8.248198
Vandal,14.000000,1.700000,,,11.744575,0.583333,7.930765
Vandal,14.000000,1.800000,,,12.459375,0.566667,7.842008
Vandal,14.000000,1.900000,,,12.556362,0.600000,7.669765
Vandal,14.000000,2.000000,,,12.556362,0.583333,7.571196
Vandal,14.000000,2.100000,,,12.599695,0.583333,7.451270
Vandal,14.000000,2.200000,,,12.717359,0.583333,7.330924
Vandal,14.000000,2.300000,,,12.880469,0.600000,7.191942
Vandal,14.000000,2.400000,,,13.014828,0.600000,7.074666
Vandal,14.000000,2.500000,,,13.114978,0.583333,6.977993
Vandal,14.000000,2.600000,,,13.218988,0.583333,6.842377
Vandal,14.000000,2.700000,,,13.306386,0.583333,6.727387
Vandal,14.000000,2.800000,,,13.390261,0.600000,6.593300
Vandal,14.000000,2.900000,,,13.449225,0.600000,6.516333
Vandal,14.000000,3.000000,,,13.490762,0.583333,6.420395
Vandal,22.000000,0.100000,,,1.718563,0.483333,15.496698
Vandal,22.000000,0.200000,,,2.229446,0.550000,15.329457
Vandal,22.000000,0.300000,,,3.812751,0.566667,15.143063
Vandal,22.000000,0.400000,,,5.131955,0.550000,14.951035
Vandal,22.000000,0.500000,,,8.256985,0.600000,14.675453
Vandal,22.000000,0.600000,,,12.338307,0.633333,14.324311
Vandal,22.000000,0.700000,,,15.532677,0.666667,14.004838
Vandal,22.000000,0.800000,,,17.899310,0.666667,13.730535
Vandal,22.000000,0.900000,,,20.328195,0.700000,13.396122
Vandal,22.000000,1.000000,,,22.352981,0.733333,13.059548
Vandal,22.000000,1.100000,,,23.979901,0.733333,12.723091
Vandal,22.000000,1.200000,,,25.367595,0.766667,12.324484
Vandal,22.000000,1.300000,,,26.145952,0.750000,12.027186
Vandal,22.000000,1.400000,,,27.070133,0.783333,11.588111
Vandal,22.000000,1.500000,,,27.655968,0.766667,11.255714
Vandal,22.000000,1.600000,,,28.306293,0.783333,10.833307
Vandal,22.000000,1.700000,,,29.014682,0.816667,10.305233
Vandal,22.000000,1.800000,,,29.495834,0.816667,9.904125
Vandal,22.000000,1.900000,,,30.139471,0.850000,9.306260
Vandal,22.000000,2.000000,,,30.576231,0.866667,8.855336
Vandal,22.000000,2.100000,,,31.066118,0.900000,8.297237
Vandal,22.000000,2.200000,,,31.497060,0.950000,7.737634
Vandal,22.000000,2.300000,,,31.906129,1.033333,7.120258
Vandal,22.000000,2.400000,,,36.072582,1.150000,6.698245
Vandal,22.000000,2.500000,,,40.809751,1.233333,6.441620
Vandal,22.000000,2.600000,,,44.918857,1.316667,6.183645
Vandal,22.000000,2.700000,,,45.971982,1.366667,5.981435
Vandal,22.000000,2.800000,,,32.331739,0.566667,4.246163
Vandal,22.000000,2.900000,,,32.331739,0.550000,4.071322
Vandal,22.000000,3.000000,,,32.331739,0.533333,3.999629
Vandal,30.000000,0.100000,,,1.016819,0.483333,18.826172
Vandal,30.000000,0.200000,,,2.892937,0.550000,18.666532
Vandal,30.000000,0.300000,,,5.338358,0.566667,18.448839
Vandal,30.000000,0.400000,,,8.481006,0.616667,18.227419
Vandal,30.000000,0.500000,,,12.659717,0.666667,17.935104
Vandal,30.000000,0.600000,,,17.351325,0.766667,17.571771
Vandal,30.000000,0.700000,,,21.020401,0.833333,17.249229
Vandal,30.000000,0.800000,,,23.721737,0.866667,16.978239
Vandal,30.000000,0.900000,,,26.540873,0.933333,16.648143
Vandal,30.000000,1.000000,,,29.493900,1.033333,16.245233
Vandal,30.000000,1.100000,,,33.789224,1.250000,15.615925
Vandal,30.000000,1.200000,,,45.352172,1.766667,13.504462
Vandal,30.000000,1.300000,,,58.105674,2.050000,10.117002
Vandal,30.000000,1.400000,1.783333,68.090839,84.378237,2.850000,6.457013
Vandal,30.000000,1.500000,1.683333,67.779685,114.475587,1.983333,2.171258
Vandal,30.000000,1.600000,1.650000,68.023810,179.807965,2.100000,0.078464
Vandal,30.000000,1.700000,1.650000,68.522751,179.728153,2.216667,0.246179
Vandal,30.000000,1.800000,1.650000,68.522751,179.865323,2.316667,0.005136
Vandal,30.000000,1.900000,1.650000,68.522751,178.926574,2.333333,1.901406
Vandal,30.000000,2.000000,1.650000,68.522751,178.555372,2.883333,5.925688
Vandal,30.000000,2.100000,1.650000,68.522751,179.254853,2.300000,0.071871
Vandal,30.000000,2.200000,1.650000,68.522751,179.856115,2.816667,3.715453
Vandal,30.000000,2.300000,1.650000,68.522751,180.000000,3.083333,4.784879
Vandal,30.000000,2.400000,1.650000,68.522751,179.970300,2.066667,2.029950
Vandal,30.000000,2.500000,1.650000,68.522751,179.604052,1.766667,0.005426
Vandal,30.000000,2.600000,1.650000,68.522751,179.190548,1.616667,0.788598
Vandal,30.000000,2.700000,1.650000,68.522751,179.190548,1.500000,1.420306
Vandal,30.000000,2.800000,1.650000,68.522751,179.190548,1.383333,2.130060
Vandal,30.000000,2.900000,1.650000,68.522751,179.190548,1.333333,3.119700
Vandal,30.000000,3.000000,1.650000,68.522751,179.190548,1.800000,6.060114
Kestrel,14.000000,0.100000,,,5.015638,0.483333,14.659954
Kestrel,14.000000,0.200000,,,5.144868,0.550000,14.397361
Kestrel,14.000000,0.300000,,,4.333186,0.550000,14.047773
Kestrel,14.000000,0.400000,,,4.333186,0.533333,13.736649
Kestrel,14.000000,0.500000,,,4.333186,0.533333,13.325984
Kestrel,14.000000,0.600000,,,4.809566,0.550000,12.823308
Kestrel,14.000000,0.700000,,,5.811177,0.550000,12.383237
Kestrel,14.000000,0.800000,,,6.085229,0.533333,12.015386
Kestrel,14.000000,0.900000,,,6.085229,0.533333,11.579134
Kestrel,14.000000,1.000000,,,6.085229,0.533333,11.158915
Kestrel,14.000000,1.100000,,,6.085229,0.533333,10.769984
Kestrel,14.000000,1.200000,,,6.836876,0.566667,10.362918
Kestrel,14.000000,1.300000,,,9.380229,0.533333,9.997640
Kestrel,14.000000,1.400000,,,15.910305,0.633333,9.875254
Kestrel,14.000000,1.500000,,,17.976305,0.666667,9.888269
Kestrel,14.000000,1.600000,,,18.118202,0.683333,9.867129
Kestrel,14.000000,1.700000,,,18.118202,0.683333,9.794640
Kestrel,14.000000,1.800000,,,18.118202,0.666667,9.722523
Kestrel,14.000000,1.900000,,,18.118202,0.666667,9.602645
Kestrel,14.000000,2.000000,,,18.118202,0.650000,9.485659
Kestrel,14.000000,2.100000,,,18.118202,0.650000,9.355614
Kestrel,14.000000,2.200000,,,18.118202,0.650000,9.209988
Kestrel,14.000000,2.300000,,,18.118202,0.650000,9.049256
Kestrel,14.000000,2.400000,,,18.118202,0.650000,8.906333
Kestrel,14.000000,2.500000,,,18.118202,0.633333,8.783897
Kestrel,14.000000,2.600000,,,18.118202,0.633333,8.632981
Kestrel,14.000000,2.700000,,,18.118202,0.633333,8.477951
Kestrel,14.000000,2.800000,,,18.118202,0.650000,8.292093
Kestrel,14.000000,2.900000,,,18.118202,0.650000,8.128605
Kestrel,14.000000,3.000000,,,18.118202,0.633333,7.989437
Kestrel,22.000000,0.100000,,,2.271917,0.500000,18.002546
Kestrel,22.000000,0.200000,,,2.008828,0.533333,17.704904
Kestrel,22.000000,0.300000,,,5.823867,0.533333,17.311330
Kestrel,22.000000,0.400000,,,9.737284,0.550000,16.982243
Kestrel,22.000000,0.500000,,,14.094994,0.583333,16.567675
Kestrel,22.000000,0.600000,,,18.538768,0.650000,16.063409
Kestrel,22.000000,0.700000,,,21.705605,0.683333,15.609495
Kestrel,22.000000,0.800000,,,23.943415,0.700000,15.215773
Kestrel,22.000000,0.900000,,,26.208504,0.733333,14.709833
Kestrel,22.000000,1.000000,,,28.345087,0.783333,14.129926
Kestrel,22.000000,1.100000,,,30.662121,0.883333,13.456602
Kestrel,22.000000,1.200000,,,37.515161,1.083333,12.532915
Kestrel,22.000000,1.300000,,,49.627252,1.216667,11.957052
Kestrel,22.000000,1.400000,,,61.327757,1.450000,11.014971
Kestrel,22.000000,1.500000,1.700000,67.906548,71.681670,2.216667,10.186798
Kestrel,22.000000,1.600000,1.633333,68.959363,84.534342,2.866667,9.004255
Kestrel,22.000000,1.700000,1.633333,69.791810,96.363813,1.300000,5.577359
Kestrel,22.000000,1.800000,1.633333,69.791810,103.780736,1.233333,5.068759
Kestrel,22.000000,1.900000,1.633333,69.791810,111.725908,1.216667,4.541950
Kestrel,22.000000,2.000000,1.633333,69.791810,113.450360,1.183333,4.377007
Kestrel,22.000000,2.100000,1.633333,69.791810,114.097445,1.150000,4.113161
Kestrel,22.000000,2.200000,1.633333,69.791810,113.075089,1.133333,3.922611
Kestrel,22.000000,2.300000,1.633333,69.791810,109.957435,1.116667,3.757631
Kestrel,22.000000,2.400000,1.633333,69.791810,105.854843,1.100000,3.653930
Kestrel,22.000000,2.500000,1.633333,69.791810,101.601112,1.050000,3.565852
Kestrel,22.000000,2.600000,1.633333,69.791810,95.698563,1.033333,3.531536
Kestrel,22.000000,2.700000,1.633333,69.791810,95.170904,1.016667,3.369534
Kestrel,22.000000,2.800000,1.633333,69.791810,95.170904,1.016667,3.185636
Kestrel,22.000000,2.900000,1.633333,69.791810,95.170904,1.000000,3.096066
Kestrel,22.000000,3.000000,1.633333,69.791810,95.170904,0.966667,3.053756
Kestrel,30.000000,0.100000,,,0.885974,0.500000,21.344853
Kestrel,30.000000,0.200000,,,3.348429,0.533333,21.041893
Kestrel,30.000000,0.300000,,,9.345672,0.583333,20.642714
Kestrel,30.000000,0.400000,,,13.763735,0.616667,20.323131
Kestrel,30.000000,0.500000,,,18.730565,0.683333,19.920057
Kestrel,30.000000,0.600000,,,23.780119,0.783333,19.414095
Kestrel,30.000000,0.700000,,,27.601376,0.866667,18.925970
Kestrel,30.000000,0.800000,,,31.315246,0.966667,18.349858
Kestrel,30.000000,0.900000,,,44.781624,1.183333,17.237651
Kestrel,30.000000,1.000000,,,58.382764,1.716667,13.441286
Kestrel,30.000000,1.100000,1.350000,68.404085,89.249633,2.933333,9.053757
Kestrel,30.000000,1.200000,1.266667,67.647231,178.498101,1.750000,3.719164
Kestrel,30.000000,1.300000,1.266667,68.307222,179.528323,2.050000,3.151559
Kestrel,30.000000,1.400000,1.266667,68.307222,179.321348,3.066667,6.800735
Kestrel,30.000000,1.500000,1.266667,68.307222,178.200957,2.166667,4.445773
Kestrel,30.000000,1.600000,1.266667,68.307222,178.370672,2.133333,2.491412
Kestrel,30.000000,1.700000,1.266667,68.307222,179.988354,2.166667,0.472333
Kestrel,30.000000,1.800000,1.266667,68.307222,179.955427,2.283333,0.326504
Kestrel,30.000000,1.900000,1.266667,68.307222,179.984895,2.383333,0.975248
Kestrel,30.000000,2.000000,1.266667,68.307222,179.940845,2.350000,1.254932
Kestrel,30.000000,2.100000,1.266667,68.307222,179.983747,2.133333,0.857405
Kestrel,30.000000,2.200000,1.266667,68.307222,179.894284,1.816667,0.102384
Kestrel,30.000000,2.300000,1.266667,68.307222,179.877680,1.133333,2.286878
Kestrel,30.000000,2.400000,1.266667,68.307222,179.867780,1.116667,2.834638
Kestrel,30.000000,2.500000,1.266667,68.307222,179.867780,0.966667,2.999772
Kestrel,30.000000,2.600000,1.266667,68.307222,179.867780,0.900000,3.650606
Kestrel,30.000000,2.700000,1.266667,68.307222,179.867780,0.900000,4.768715
Kestrel,30.000000,2.800000,1.266667,68.307222,179.867780,2.183333,8.052479
Kestrel,30.000000,2.900000,1.266667,68.307222,179.867780,2.000000,8.439887
Kestrel,30.000000,3.000000,1.266667,68.307222,179.867780,1.800000,8.719969
Bulwark,14.000000,0.100000,,,4.151978,0.466667,14.062851
Bulwark,14.000000,0.200000,,,5.853512,0.566667,13.889260
Bulwark,14.000000,0.300000,,,4.684870,0.583333,13.741260
Bulwark,14.000000,0.400000,,,4.684870,0.566667,13.595164
Bulwark,14.000000,0.500000,,,5.882679,0.616667,13.382597
Bulwark,14.000000,0.600000,,,6.843825,0.650000,13.087866
Bulwark,14.000000,0.700000,,,7.304703,0.650000,12.810105
Bulwark,14.000000,0.800000,,,7.537848,0.633333,12.565197
Bulwark,14.000000,0.900000,,,8.320615,0.633333,12.258866
Bulwark,14.000000,1.000000,,,9.520766,0.633333,11.942241
Bulwark,14.000000,1.100000,,,10.256113,0.633333,11.617034
Bulwark,14.000000,1.200000,,,10.513782,0.650000,11.227822
Bulwark,14.000000,1.300000,,,10.513782,0.633333,10.945270
Bulwark,14.000000,1.400000,,,10.513782,0.650000,10.546950
Bulwark,14.000000,1.500000,,,10.513782,0.633333,10.262865
Bulwark,14.000000,1.600000,,,10.513782,0.633333,9.927943
Bulwark,14.000000,1.700000,,,10.513782,0.633333,9.552050
Bulwark,14.000000,1.800000,,,10.513782,0.550000,9.299313
Bulwark,14.000000,1.900000,,,10.513782,0.583333,8.976085
Bulwark,14.000000,2.000000,,,10.513782,0.566667,8.761626
Bulwark,14.000000,2.100000,,,12.742063,0.583333,8.469887
Bulwark,14.000000,2.200000,,,16.095948,0.600000,8.341759
Bulwark,14.000000,2.300000,,,16.407486,0.633333,8.275795
Bulwark,14.000000,2.400000,,,16.407486,0.633333,8.188555
Bulwark,14.000000,2.500000,,,16.407486,0.600000,8.136677
Bulwark,14.000000,2.600000,,,16.407486,0.600000,7.985518
Bulwark,14.000000,2.700000,,,16.407486,0.600000,7.892439
Bulwark,14.000000,2.800000,,,16.407486,0.616667,7.733208
Bulwark,14.000000,2.900000,,,16.407486,0.616667,7.588570
Bulwark,14.000000,3.000000,,,16.407486,0.600000,7.463793
Bulwark,22.000000,0.100000,,,1.962038,0.483333,17.412882
Bulwark,22.000000,0.200000,,,2.414084,0.550000,17.249968
Bulwark,22.000000,0.300000,,,4.449428,0.566667,17.088023
Bulwark,22.000000,0.400000,,,6.180503,0.600000,16.910930
Bulwark,22.000000,0.500000,,,9.350926,0.633333,16.659038
Bulwark,22.000000,0.600000,,,13.776126,0.683333,16.339888
Bulwark,22.000000,0.700000,,,17.242023,0.733333,16.049208
Bulwark,22.000000,0.800000,,,19.802410,0.766667,15.797796
Bulwark,22.000000,0.900000,,,22.439638,0.816667,15.493238
Bulwark,22.000000,1.000000,,,24.630689,0.850000,15.186752
Bulwark,22.000000,1.100000,,,26.493086,0.883333,14.863152
Bulwark,22.000000,1.200000,,,28.579247,0.966667,14.429707
Bulwark,22.000000,1.300000,,,30.173226,1.016667,14.060625
Bulwark,22.000000,1.400000,,,36.012723,1.183333,13.394685
Bulwark,22.000000,1.500000,,,42.976868,1.300000,12.765189
Bulwark,22.000000,1.600000,,,49.667563,1.466667,11.815470
Bulwark,22.000000,1.700000,,,56.740771,1.750000,9.980540
Bulwark,22.000000,1.800000,,,63.502491,2.016667,8.472731
Bulwark,22.000000,1.900000,2.066667,67.825450,77.683109,1.783333,4.764633
Bulwark,22.000000,2.000000,2.033333,68.126373,93.940796,1.600000,3.639194
Bulwark,22.000000,2.100000,2.033333,68.354329,123.120049,1.516667,1.772729
Bulwark,22.000000,2.200000,2.033333,68.354329,176.158250,1.533333,0.854945
Bulwark,22.000000,2.300000,2.033333,68.354329,175.816201,1.500000,0.749154
Bulwark,22.000000,2.400000,2.033333,68.354329,171.937547,1.433333,0.511466
Bulwark,22.000000,2.500000,2.033333,68.354329,169.732134,1.366667,0.457359
Bulwark,22.000000,2.600000,2.033333,68.354329,162.522503,1.316667,0.432615
Bulwark,22.000000,2.700000,2.033333,68.354329,155.107974,1.266667,0.469048
Bulwark,22.000000,2.800000,2.033333,68.354329,144.067024,1.216667,0.582016
Bulwark,22.000000,2.900000,2.033333,68.354329,132.558708,1.183333,0.627837
Bulwark,22.000000,3.000000,2.033333,68.354329,122.848231,1.116667,0.792188
Bulwark,30.000000,0.100000,,,1.051252,0.483333,20.744710
Bulwark,30.000000,0.200000,,,3.103275,0.550000,20.596800
Bulwark,30.000000,0.300000,,,5.876122,0.583333,20.410350
Bulwark,30.000000,0.400000,,,9.143040,0.633333,20.214206
Bulwark,30.000000,0.500000,,,13.558619,0.700000,19.957500
Bulwark,30.000000,0.600000,,,18.525369,0.816667,19.638044
Bulwark,30.000000,0.700000,,,22.427538,0.900000,19.359184
Bulwark,30.000000,0.800000,,,25.279591,0.950000,19.128486
Bulwark,30.000000,0.900000,,,28.469181,1.050000,18.831497
Bulwark,30.000000,1.000000,,,32.758978,1.233333,18.417431
Bulwark,30.000000,1.100000,,,41.003725,1.516667,17.600167
Bulwark,30.000000,1.200000,,,53.074996,2.033333,14.299358
Bulwark,30.000000,1.300000,,,66.922328,2.250000,10.823072
Bulwark,30.000000,1.400000,1.683333,67.803764,91.790195,2.966667,7.617524
Bulwark,30.000000,1.500000,1.633333,68.072398,119.318194,2.116667,2.720588
Bulwark,30.000000,1.600000,1.616667,68.261665,179.833052,2.233333,0.375517
Bulwark,30.000000,1.700000,1.616667,68.307492,179.229378,2.333333,0.186741
Bulwark,30.000000,1.800000,1.616667,68.307492,179.654922,2.466667,0.749796
Bulwark,30.000000,1.900000,1.616667,68.307492,179.559057,3.000000,6.952624
Bulwark,30.000000,2.000000,1.616667,68.307492,178.645789,2.750000,8.503155
Bulwark,30.000000,2.100000,1.616667,68.307492,179.033012,2.950000,6.630312
Bulwark,30.000000,2.200000,1.616667,68.307492,178.974706,2.366667,0.026691
Bulwark,30.000000,2.300000,1.616667,68.307492,179.999066,2.666667,3.726559
Bulwark,30.000000,2.400000,1.616667,68.307492,179.091964,2.033333,0.958671
Bulwark,30.000000,2.500000,1.616667,68.307492,179.571652,2.633333,6.210936
Bulwark,30.000000,2.600000,1.616667,68.307492,178.960525,2.366667,7.262330
Bulwark,30.000000,2.700000,1.616667,68.307492,178.960525,2.166667,7.711340
Bulwark,30.000000,2.800000,1.616667,68.307492,178.960525,1.983333,8.041278
Bulwark,30.000000,2.900000,1.616667,68.307492,178.960525,1.816667,8.281331
Bulwark,30.000000,3.000000,1.616667,68.307492,178.960525,1.683333,8.504125
